user_id,age,gender,occupation,zip_code,age_group,username
1,24,M,technician,85711,18-24,Elsie Steely
2,53,F,other,94043,50-64,Joseph Stiles
3,23,M,writer,32067,18-24,Robert Mansur
4,24,M,technician,43537,18-24,Penny Hawkins
5,33,F,other,15213,25-34,Ted Bristle
6,42,M,executive,98101,35-49,Melissa Allen
7,57,M,administrator,91344,50-64,Frederick Eligio
8,36,M,administrator,05201,35-49,Brian Dunlap
9,29,M,student,01002,25-34,Charles Sessions
10,53,M,lawyer,90703,50-64,Vicente Belair
11,39,F,other,30329,35-49,Elaine Curtis
12,28,F,other,06405,25-34,Tonya Crawford
13,47,M,educator,29206,35-49,Philip Brewster
14,45,M,scientist,55106,35-49,Joseph Ferry
15,49,F,educator,97301,35-49,Reynaldo Kennedy
16,21,M,entertainment,10309,18-24,Andrea Guzman
17,30,M,programmer,06355,25-34,Anthony Richardson
18,35,F,other,37212,35-49,Robert Feagin
19,40,M,librarian,02138,35-49,Catherine Hayes
20,42,F,homemaker,95660,35-49,Sylvia Griffin
21,26,M,writer,30068,25-34,Raymond Wilcox
22,25,M,writer,40206,25-34,Patricia Vigne
23,30,F,artist,48197,25-34,Harry Rivera
24,21,F,artist,94533,18-24,Stacia Colley
25,39,M,engineer,55107,35-49,Melvin Richters
26,49,M,engineer,21044,35-49,Richard Stringer
27,40,F,librarian,30030,35-49,Hazel Karol
28,32,M,writer,55369,25-34,Maria Henderson
29,41,M,programmer,94043,35-49,Rudy Howard
30,7,M,student,55436,Under 18,Janice Maurey
31,24,M,artist,10003,18-24,Sara Sullivan
32,28,F,student,78741,25-34,June Reilly
33,23,M,student,27510,18-24,Lois Flaten
34,38,F,administrator,42141,35-49,Jane Sanchez
35,20,F,homemaker,42459,18-24,Travis Stribling
36,19,F,student,93117,18-24,Victor Twombly
37,23,M,student,55105,18-24,Shane Vanes
38,28,F,other,54467,25-34,Christopher Elliott
39,41,M,entertainment,01040,35-49,Laura Toon
40,38,M,scientist,27514,35-49,Yun Woodward
41,33,M,engineer,80525,25-34,Erika Lee
42,30,M,administrator,17870,25-34,Rachel Judon
43,29,F,librarian,20854,25-34,Frank Mcdonald
44,26,M,technician,46260,25-34,Katherine Baerga
45,29,M,programmer,50233,25-34,Sonya Eckert
46,27,F,marketing,46538,25-34,Charles Trappey
47,53,M,marketing,07102,50-64,Gary Fess
48,45,M,administrator,12550,35-49,Alpha Kitchen
49,23,F,student,76111,18-24,Chris Rowland
50,21,M,writer,52245,18-24,Elaine Rhee
51,28,M,educator,16509,25-34,Helen Patton
52,18,F,student,55105,18-24,Carrie Harris
53,26,M,programmer,55414,25-34,Madeline Strecker
54,22,M,executive,66315,18-24,Harold Siwiec
55,37,M,programmer,01331,35-49,Mark Taylor
56,25,M,librarian,46260,25-34,John Horrocks
57,16,M,none,84010,Under 18,Leticia Daniels
58,27,M,programmer,52246,25-34,Angelo Jones
59,49,M,educator,08403,35-49,Clarence White
60,50,M,healthcare,06472,50-64,Donna Mendoza
61,36,M,engineer,30040,35-49,Diana Higgins
62,27,F,administrator,97214,25-34,Paul Jones
63,31,M,marketing,75240,25-34,Marie Carrasco
64,32,M,educator,43202,25-34,Marshall Cardwell
65,51,F,educator,48118,50-64,Bruce Pritchard
66,23,M,student,80521,18-24,Yolanda Payton
67,17,M,student,60402,Under 18,Elnora Longoria
68,19,M,student,22904,18-24,Troy Perry
69,24,M,engineer,55337,18-24,Amy Dearman
70,27,M,engineer,60067,25-34,Maranda Ellis
71,39,M,scientist,98034,35-49,Lori Myers
72,48,F,administrator,73034,35-49,Cynthia Okumura
73,24,M,student,41850,18-24,Lori Petela
74,39,M,scientist,T8H1N,35-49,Margie Coulter
75,24,M,entertainment,08816,18-24,Heather Moya
76,20,M,student,02215,18-24,David Woodward
77,30,M,technician,29379,25-34,George Strickland
78,26,M,administrator,61801,25-34,Elizabeth Birk
79,39,F,administrator,03755,35-49,Robert Englert
80,34,F,administrator,52241,25-34,Willie Kille
81,21,M,student,21218,18-24,Kasey Auiles
82,50,M,programmer,22902,50-64,Maggie Vasquez
83,40,M,other,44133,35-49,Barbara Arredondo
84,32,M,executive,55369,25-34,Antonio Gertz
85,51,M,educator,20003,50-64,Keith Simmons
86,26,M,administrator,46005,25-34,Rita Barkley
87,47,M,administrator,89503,35-49,Dora Mendez
88,49,F,librarian,11701,35-49,Mildred Young
89,43,F,administrator,68106,35-49,Eric Morelli
90,60,M,educator,78155,50-64,David Feazel
91,55,M,marketing,01913,50-64,Gabriela Nolen
92,32,M,entertainment,80525,25-34,James Norman
93,48,M,executive,23112,35-49,Clayton Walsh
94,26,M,student,71457,25-34,Stanley Scott
95,31,M,administrator,10707,25-34,Bruce Jones
96,25,F,artist,75206,25-34,Sharon Michael
97,43,M,artist,98006,35-49,Sonya Darby
98,49,F,executive,90291,35-49,Linda Jones
99,20,M,student,63129,18-24,Erik Sholtis
100,36,M,executive,90254,35-49,Ericka Kehoe
101,15,M,student,05146,Under 18,James Dambrosio
102,38,M,programmer,30220,35-49,James Fisher
103,26,M,student,55108,25-34,Kelly Jones
104,27,M,student,55108,25-34,Marie Andren
105,24,M,engineer,94043,18-24,Caroline Kenyon
106,61,M,retired,55125,50-64,Lester Guzma
107,39,M,scientist,60466,35-49,Shawn James
108,44,M,educator,63130,35-49,Dennis Lane
109,29,M,other,55423,25-34,Fay Gutierrez
110,19,M,student,77840,18-24,Clarence Mcintire
111,57,M,engineer,90630,50-64,Alvin Jovich
112,30,M,salesman,60613,25-34,Daniel Buntrock
113,47,M,executive,95032,35-49,Richard Hunter
114,27,M,programmer,75013,25-34,Angel Bonneville
115,31,M,engineer,17110,25-34,Sanford Pickering
116,40,M,healthcare,97232,35-49,William Patton
117,20,M,student,16125,18-24,Thomas Cates
118,21,M,administrator,90210,18-24,Marian Shafer
119,32,M,programmer,67401,25-34,Rodney Soto
120,47,F,other,06260,35-49,Arthur Brantner
121,54,M,librarian,99603,50-64,Jimmy Killian
122,32,F,writer,22206,25-34,Nina Whitfield
123,48,F,artist,20008,35-49,Charles Higgins
124,34,M,student,60615,25-34,Kellie Tappan
125,30,M,lawyer,22202,25-34,Charlotte Cranford
126,28,F,lawyer,20015,25-34,Beatriz Perry
127,33,M,none,73439,25-34,Denice Towell
128,24,F,marketing,20009,18-24,Manuel Brock
129,36,F,marketing,07039,35-49,Janett Brown
130,20,M,none,60115,18-24,Lilia Barnhill
131,59,F,administrator,15237,50-64,Andrew Pitts
132,24,M,other,94612,18-24,Iva Shelby
133,53,M,engineer,78602,50-64,Arline Sengbusch
134,31,M,programmer,80236,25-34,Lisa Bevins
135,23,M,student,38401,18-24,Mae Paris
136,51,M,other,97365,50-64,Sara Taylor
137,50,M,educator,84408,50-64,Esther Pallazzo
138,46,M,doctor,53211,35-49,Carl Aronow
139,20,M,student,08904,18-24,James Lajaunie
140,30,F,student,32250,25-34,Robert Medina
141,49,M,programmer,36117,35-49,Elaine Wiggins
142,13,M,other,48118,Under 18,Francis Wells
143,42,M,technician,08832,35-49,Robert Cantella
144,53,M,programmer,20910,50-64,Robert Cannon
145,31,M,entertainment,V3N4P,25-34,Byron Hull
146,45,M,artist,83814,35-49,Manuela Jacobson
147,40,F,librarian,02143,35-49,Dennis King
148,33,M,engineer,97006,25-34,Jeff Blakely
149,35,F,marketing,17325,35-49,Tom Washington
150,20,F,artist,02139,18-24,Jennifer Colter
151,38,F,administrator,48103,35-49,Dawn Lutz
152,33,F,educator,68767,25-34,Rosario Lee
153,25,M,student,60641,25-34,Denise Blalock
154,25,M,student,53703,25-34,Guy Martin
155,32,F,other,11217,25-34,Daniel Saur
156,25,M,educator,08360,25-34,Patricia Hogue
157,57,M,engineer,70808,50-64,Martha Keniston
158,50,M,educator,27606,50-64,Jonathan Osborn
159,23,F,student,55346,18-24,Salvador Foster
160,27,M,programmer,66215,25-34,Joan Christo
161,50,M,lawyer,55104,50-64,Renee Ney
162,25,M,artist,15610,25-34,Michael Stewart
163,49,M,administrator,97212,35-49,Roberta Bartlett
164,47,M,healthcare,80123,35-49,Gerald Jenkins
165,20,F,other,53715,18-24,Frank Bruley
166,47,M,educator,55113,35-49,Rachael Vasquez
167,37,M,other,L9G2B,35-49,Edward Jackson
168,48,M,other,80127,35-49,Christopher Gamble
169,52,F,other,53705,50-64,Samuel Jorgenson
170,53,F,healthcare,30067,50-64,Richard Hendrickson
171,48,F,educator,78750,35-49,Daniel Davis
172,55,M,marketing,22207,50-64,Charles Reed
173,56,M,other,22306,50-64,Garland Scontras
174,30,F,administrator,52302,25-34,Henry Mendoza
175,26,F,scientist,21911,25-34,Alicia Phillips
176,28,M,scientist,07030,25-34,Maria Bentson
177,20,M,programmer,19104,18-24,Edmundo Blash
178,26,M,other,49512,25-34,Mary Hill
179,15,M,entertainment,20755,Under 18,Sherry Carter
180,22,F,administrator,60202,18-24,Crystal Ring
181,26,M,executive,21218,25-34,Lisa Delay
182,36,M,programmer,33884,35-49,Jack President
183,33,M,scientist,27708,25-34,Lois Digsby
184,37,M,librarian,76013,35-49,Tammy Umbaugh
185,53,F,librarian,97403,50-64,Clifford Kellogg
186,39,F,executive,00000,35-49,Robert Mcrae
187,26,M,educator,16801,25-34,Shawn Rhodes
188,42,M,student,29440,35-49,Heather Coffey
189,32,M,artist,95014,25-34,Jon Cox
190,30,M,administrator,95938,25-34,Troy Gamble
191,33,M,administrator,95161,25-34,Gregory Walks
192,42,M,educator,90840,35-49,Jonathan Kimbrell
193,29,M,student,49931,25-34,Carrie Dickerson
194,38,M,administrator,02154,35-49,Joseph Dietz
195,42,M,scientist,93555,35-49,James Girard
196,49,M,writer,55105,35-49,Stephanie Rivers
197,55,M,technician,75094,50-64,Angela Contreras
198,21,F,student,55414,18-24,Helen Williams
199,30,M,writer,17604,25-34,Margaret Connor
200,40,M,programmer,93402,35-49,Todd Rogers
201,27,M,writer,E2A4H,25-34,Danielle Ward
202,41,F,educator,60201,35-49,Helen Mash
203,25,F,student,32301,25-34,Mary Roach
204,52,F,librarian,10960,50-64,Ruby Beavers
205,47,M,lawyer,06371,35-49,Andres Reichert
206,14,F,student,53115,Under 18,Jennifer Jennings
207,39,M,marketing,92037,35-49,Julie Torbert
208,43,M,engineer,01720,35-49,Joseph Myers
209,33,F,educator,85710,25-34,Margaret Dejohn
210,39,M,engineer,03060,35-49,Betty Infante
211,66,M,salesman,32605,65+,Hilda Payne
212,49,F,educator,61401,35-49,Paul White
213,33,M,executive,55345,25-34,Ruth Jacobs
214,26,F,librarian,11231,25-34,Geraldine Cavender
215,35,M,programmer,63033,35-49,Danny Millis
216,22,M,engineer,02215,18-24,Scott Haber
217,22,M,other,11727,18-24,Walter Mejia
218,37,M,administrator,06513,35-49,Delbert Hancock
219,32,M,programmer,43212,25-34,Loretta Berrios
220,30,M,librarian,78205,25-34,Shaneka Mendoza
221,19,M,student,20685,18-24,Cristobal Monroe
222,29,M,programmer,27502,25-34,Robert Rathbone
223,19,F,student,47906,18-24,Tony Murdock
224,31,F,educator,43512,25-34,Carolyn Gleason
225,51,F,administrator,58202,50-64,Wendy Woodside
226,28,M,student,92103,25-34,Eleanor Thomas
227,46,M,executive,60659,35-49,Robert Czelusniak
228,21,F,student,22003,18-24,Todd Christie
229,29,F,librarian,22903,25-34,Donald Greenberg
230,28,F,student,14476,25-34,Cynthia Smith
231,48,M,librarian,01080,35-49,Katrina Ross
232,45,M,scientist,99709,35-49,Jeffrey Fletcher
233,38,M,engineer,98682,35-49,Edna Johnson
234,60,M,retired,94702,50-64,Melvin Surbaugh
235,37,M,educator,22973,35-49,Emerson Goetz
236,44,F,writer,53214,35-49,Timothy Lorino
237,49,M,administrator,63146,35-49,Mark Ballard
238,42,F,administrator,44124,35-49,Jacqueline Son
239,39,M,artist,95628,35-49,Martha Fowler
240,23,F,educator,20784,18-24,Sheila Saldivar
241,26,F,student,20001,25-34,Bernard Guevara
242,33,M,educator,31404,25-34,William Kelly
243,33,M,educator,60201,25-34,Joseph Odonnell
244,28,M,technician,80525,25-34,Harold Christensen
245,22,M,student,55109,18-24,Gerald Delaney
246,19,M,student,28734,18-24,Denise Harris
247,28,M,engineer,20770,25-34,Melissa Musso
248,25,M,student,37235,25-34,Tracy Copstead
249,25,M,student,84103,25-34,April Hunter
250,29,M,executive,95110,25-34,Abigail Frazier
251,28,M,doctor,85032,25-34,Garth Foster
252,42,M,engineer,07733,35-49,Sandra Jones
253,26,F,librarian,22903,25-34,Sarah Bratcher
254,44,M,educator,42647,35-49,Anita Cleghorn
255,23,M,entertainment,07029,18-24,Maxine Gay
256,35,F,none,39042,35-49,Aida Grimm
257,17,M,student,77005,Under 18,Norma Adkins
258,19,F,student,77801,18-24,Kenneth Lopez
259,21,M,student,48823,18-24,Victoria Gordy
260,40,F,artist,89801,35-49,Thomas Almanzar
261,28,M,administrator,85202,25-34,Darrell Griggs
262,19,F,student,78264,18-24,Melissa Godoy
263,41,M,programmer,55346,35-49,Maurice Young
264,36,F,writer,90064,35-49,Dorothy Bauer
265,26,M,executive,84601,25-34,Angel Duncan
266,62,F,administrator,78756,50-64,Roberta Greer
267,23,M,engineer,83716,18-24,Tara Gonsales
268,24,M,engineer,19422,18-24,Richard Diaz
269,31,F,librarian,43201,25-34,Hilda Joshi
270,18,F,student,63119,18-24,Jenny Tartaglione
271,51,M,engineer,22932,50-64,Marlene Hart
272,33,M,scientist,53706,25-34,Joe Richards
273,50,F,other,10016,50-64,Katharine Palos
274,20,F,student,55414,18-24,Elsie Frost
275,38,M,engineer,92064,35-49,Derrick Reuter
276,21,M,student,95064,18-24,Barbara Beers
277,35,F,administrator,55406,35-49,Ronald Vanness
278,37,F,librarian,30033,35-49,Carol Trimble
279,33,M,programmer,85251,25-34,Jesus Howard
280,30,F,librarian,22903,25-34,Jamie Garafano
281,15,F,student,06059,Under 18,Valerie Millender
282,22,M,administrator,20057,18-24,Gary Silva
283,28,M,programmer,55305,25-34,Antonio Hatch
284,40,M,executive,92629,35-49,Paul Gilmore
285,25,M,programmer,53713,25-34,Janet Daniell
286,27,M,student,15217,25-34,Bonnie Fox
287,21,M,salesman,31211,18-24,Cecil Carter
288,34,M,marketing,23226,25-34,Wayne Outwater
289,11,M,none,94619,Under 18,Neal Geddes
290,40,M,engineer,93550,35-49,John Conrad
291,19,M,student,44106,18-24,James Taylor
292,35,F,programmer,94703,35-49,Lizbeth Meisner
293,24,M,writer,60804,18-24,Elizabeth Polk
294,34,M,technician,92110,25-34,Wilburn Derentis
295,31,M,educator,50325,25-34,Deanne Butler
296,43,F,administrator,16803,35-49,Danielle Giorgio
297,29,F,educator,98103,25-34,Tyler Bavaro
298,44,M,executive,01581,35-49,Joan Klein
299,29,M,doctor,63108,25-34,Lorenzo Haun
300,26,F,programmer,55106,25-34,Alison Walker
301,24,M,student,55439,18-24,Ricky Sims
302,42,M,educator,77904,35-49,Tommy Lue
303,19,M,student,14853,18-24,Son Mauldin
304,22,F,student,71701,18-24,Erica Ramsey
305,23,M,programmer,94086,18-24,Linda Kinney
306,45,M,other,73132,35-49,Norma Carter
307,25,M,student,55454,25-34,Scott Wood
308,60,M,retired,95076,50-64,Brandy Darling
309,40,M,scientist,70802,35-49,Gary Riggie
310,37,M,educator,91711,35-49,Harry Holtgrewe
311,32,M,technician,73071,25-34,Valerie Falgoust
312,48,M,other,02110,35-49,Vernon Noble
313,41,M,marketing,60035,35-49,Glenn Kelly
314,20,F,student,08043,18-24,Veronica Leslie
315,31,M,educator,18301,25-34,Eric Scales
316,43,F,other,77009,35-49,Carolyn Pierce
317,22,M,administrator,13210,18-24,Shirley Sharp
318,65,M,retired,06518,65+,Marilyn Carlton
319,38,M,programmer,22030,35-49,Walter Copeland
320,19,M,student,24060,18-24,Carolyn Smith
321,49,F,educator,55413,35-49,Pete Escutia
322,20,M,student,50613,18-24,Michael Ruhlin
323,21,M,student,19149,18-24,Myrtle Taylor
324,21,F,student,02176,18-24,Bonnie Cheeseman
325,48,M,technician,02139,35-49,Vernon Reyes
326,41,M,administrator,15235,35-49,Pedro Foster
327,22,M,student,11101,18-24,Edith Runyan
328,51,M,administrator,06779,50-64,Kenneth Rayford
329,48,M,educator,01720,35-49,Paola Weddington
330,35,F,educator,33884,35-49,Kevin Oneil
331,33,M,entertainment,91344,25-34,Francisco Adair
332,20,M,student,40504,18-24,Kenneth Harper
333,47,M,other,V0R2M,35-49,Mickey Santos
334,32,M,librarian,30002,25-34,Josh Clayton
335,45,M,executive,33775,35-49,Yoshiko Robbins
336,23,M,salesman,42101,18-24,Rex Taylor
337,37,M,scientist,10522,35-49,Madeline Grant
338,39,F,librarian,59717,35-49,Gail Egan
339,35,M,lawyer,37901,35-49,Billy Milligan
340,46,M,engineer,80123,35-49,Manuel Avenoso
341,17,F,student,44405,Under 18,George Gill
342,25,F,other,98006,25-34,Gerald Getzschman
343,43,M,engineer,30093,35-49,Catherine Gallaher
344,30,F,librarian,94117,25-34,Margaret Haywood
345,28,F,librarian,94143,25-34,Lucy Penland
346,34,M,other,76059,25-34,Bruce Carstarphen
347,18,M,student,90210,18-24,Donald Montz
348,24,F,student,45660,18-24,Kelly Hurrington
349,68,M,retired,61455,65+,Arnold Garrison
350,32,M,student,97301,25-34,Mary Blackwell
351,61,M,educator,49938,50-64,Gretchen Robinson
352,37,F,programmer,55105,35-49,Chad Bevins
353,25,M,scientist,28480,25-34,Leroy Kelley
354,29,F,librarian,48197,25-34,Jeannie Card
355,25,M,student,60135,25-34,Samuel Andrews
356,32,F,homemaker,92688,25-34,Vanessa Johnson
357,26,M,executive,98133,25-34,Nikki Jacobs
358,40,M,educator,10022,35-49,Robert Gonzales
359,22,M,student,61801,18-24,Leslie Guevara
360,51,M,other,98027,50-64,Caroline Seitz
361,22,M,student,44074,18-24,Michael Faley
362,35,F,homemaker,85233,35-49,Joseph Lowe
363,20,M,student,87501,18-24,Courtney Phillis
364,63,M,engineer,01810,50-64,Mary Knaus
365,29,M,lawyer,20009,25-34,Jack Hayden
366,20,F,student,50670,18-24,Chrissy Carpenter
367,17,M,student,37411,Under 18,Michael Hodge
368,18,M,student,92113,18-24,Reynaldo Johns
369,24,M,student,91335,18-24,Pierre Orton
370,52,M,writer,08534,50-64,Felipe Anderson
371,36,M,engineer,99206,35-49,David Fryson
372,25,F,student,66046,25-34,James Ebinger
373,24,F,other,55116,18-24,Sean Davis
374,36,M,executive,78746,35-49,Lois Luchesi
375,17,M,entertainment,37777,Under 18,Betty Bodo
376,28,F,other,10010,25-34,Patrick Dukes
377,22,M,student,18015,18-24,Mark Treadway
378,35,M,student,02859,35-49,Neil Key
379,44,M,programmer,98117,35-49,Michele Lamont
380,32,M,engineer,55117,25-34,Barbara Jacobs
381,33,M,artist,94608,25-34,Anthony Tilbury
382,45,M,engineer,01824,35-49,Kyle Slonaker
383,42,M,administrator,75204,35-49,Jennifer Boyd
384,52,M,programmer,45218,50-64,Sarah James
385,36,M,writer,10003,35-49,Irene Martin
386,36,M,salesman,43221,35-49,Peter Burton
387,33,M,entertainment,37412,25-34,Charlene Hatley
388,31,M,other,36106,25-34,Clifton Ball
389,44,F,writer,83702,35-49,Maggie Smith
390,42,F,writer,85016,35-49,Sonny Warden
391,23,M,student,84604,18-24,Bradley Hyun
392,52,M,writer,59801,50-64,Denise Michalski
393,19,M,student,83686,18-24,James Moses
394,25,M,administrator,96819,25-34,Thomas Davis
395,43,M,other,44092,35-49,Sarah Bird
396,57,M,engineer,94551,50-64,Vanessa Lamboy
397,17,M,student,27514,Under 18,Mildred Friesenhahn
398,40,M,other,60008,35-49,William Ervin
399,25,M,other,92374,25-34,Luis Dean
400,33,F,administrator,78213,25-34,Sheila Hawkins
401,46,F,healthcare,84107,35-49,Mark Morris
402,30,M,engineer,95129,25-34,Janice Ortiz
403,37,M,other,06811,35-49,Nancy Hernandez
404,29,F,programmer,55108,25-34,Todd Haines
405,22,F,healthcare,10019,18-24,Mary Jackson
406,52,M,educator,93109,50-64,Reyes Carrera
407,29,M,engineer,03261,25-34,Eddie Smith
408,23,M,student,61755,18-24,Lourdes Firpo
409,48,M,administrator,98225,35-49,Robert Holton
410,30,F,artist,94025,25-34,William Birdsong
411,34,M,educator,44691,25-34,Michael Johns
412,25,M,educator,15222,25-34,George Vargas
413,55,M,educator,78212,50-64,Mabel Caminiti
414,24,M,programmer,38115,18-24,Larry Russi
415,39,M,educator,85711,35-49,Alphonse Mosconi
416,20,F,student,92626,18-24,Shirley Crandall
417,27,F,other,48103,25-34,Jessica Risch
418,55,F,none,21206,50-64,Sherry Bisson
419,37,M,lawyer,43215,35-49,Nancy Jensen
420,53,M,educator,02140,50-64,Ann Smith
421,38,F,programmer,55105,35-49,Marlyn Ruple
422,26,M,entertainment,94533,25-34,Edward Lopez
423,64,M,other,91606,50-64,Amy Krueger
424,36,F,marketing,55422,35-49,Martha Reed
425,19,M,student,58644,18-24,Robyn Crownover
426,55,M,educator,01602,50-64,Sheila Gonzalez
427,51,M,doctor,85258,50-64,Sandi Carrol
428,28,M,student,55414,25-34,Gary Glazier
429,27,M,student,29205,25-34,William Sandlin
430,38,M,scientist,98199,35-49,Mary Bostick
431,24,M,marketing,92629,18-24,Shawn Peck
432,22,M,entertainment,50311,18-24,Shelia Fallon
433,27,M,artist,11211,25-34,Charlotte Zavala
434,16,F,student,49705,Under 18,Clayton Andaya
435,24,M,engineer,60007,18-24,Stephanie Brune
436,30,F,administrator,17345,25-34,Lawrence Gause
437,27,F,other,20009,25-34,Michael Neumann
438,51,F,administrator,43204,50-64,Theresa Sanders
439,23,F,administrator,20817,18-24,Don Marr
440,30,M,other,48076,25-34,Matha Zimmerman
441,50,M,technician,55013,50-64,Joann Starkey
442,22,M,student,85282,18-24,Winifred Pastor
443,35,M,salesman,33308,35-49,Richard Sanchez
444,51,F,lawyer,53202,50-64,Caleb Williams
445,21,M,writer,92653,18-24,Charles Staton
446,57,M,educator,60201,50-64,Linda Graham
447,30,M,administrator,55113,25-34,Megan Allard
448,23,M,entertainment,10021,18-24,Mary Wheeler
449,23,M,librarian,55021,18-24,Kyle Allison
450,35,F,educator,11758,35-49,Marilyn Miles
451,16,M,student,48446,Under 18,Mildred Keyes
452,35,M,administrator,28018,35-49,Terrence Harper
453,18,M,student,06333,18-24,Megan Rickert
454,57,M,other,97330,50-64,Abe Kimble
455,48,M,administrator,83709,35-49,Thelma Colucci
456,24,M,technician,31820,18-24,Alison Lopez
457,33,F,salesman,30011,25-34,David Taylor
458,47,M,technician,Y1A6B,35-49,Thelma Hollandsworth
459,22,M,student,29201,18-24,Janie Jackson
460,44,F,other,60630,35-49,Jo Nicolls
461,15,M,student,98102,Under 18,Anita Davis
462,19,F,student,02918,18-24,Jeffrey Borjon
463,48,F,healthcare,75218,35-49,Georgette Abdullah
464,60,M,writer,94583,50-64,Jimmy Acosta
465,32,M,other,05001,25-34,Mary Davis
466,22,M,student,90804,18-24,Thomas Wilder
467,29,M,engineer,91201,25-34,Norma Priest
468,28,M,engineer,02341,25-34,John Satterfield
469,60,M,educator,78628,50-64,Dee Turner
470,24,M,programmer,10021,18-24,Daniel Knauf
471,10,M,student,77459,Under 18,Megan Morgan
472,24,M,student,87544,18-24,Maria Wilson
473,29,M,student,94708,25-34,Giovanni Moreno
474,51,M,executive,93711,50-64,Fannie Downes
475,30,M,programmer,75230,25-34,Emely Miller
476,28,M,student,60440,25-34,Helen Gadwah
477,23,F,student,02125,18-24,William Rogers
478,29,M,other,10019,25-34,Brent Jones
479,30,M,educator,55409,25-34,Jane Cota
480,57,M,retired,98257,50-64,Brandy Penrod
481,73,M,retired,37771,65+,Cary Leyva
482,18,F,student,40256,18-24,Jeff Hoover
483,29,M,scientist,43212,25-34,Maria Finkel
484,27,M,student,21208,25-34,Peter Stuart
485,44,F,educator,95821,35-49,Gus Ohlsen
486,39,M,educator,93101,35-49,Ronald Hinson
487,22,M,engineer,92121,18-24,Susan Bunton
488,48,M,technician,21012,35-49,Donald Turrie
489,55,M,other,45218,50-64,William West
490,29,F,artist,V5A2B,25-34,Julie Rodriguez
491,43,F,writer,53711,35-49,Virginia Perez
492,57,M,educator,94618,50-64,Michael Jarman
493,22,M,engineer,60090,18-24,Kimberly Hughes
494,38,F,administrator,49428,35-49,Stephanie Martin
495,29,M,engineer,03052,25-34,Grant Tillotson
496,21,F,student,55414,18-24,Teddy Holmes
497,20,M,student,50112,18-24,Christine Baxter
498,26,M,writer,55408,25-34,Charisse Elzey
499,42,M,programmer,75006,35-49,Richard Hoyman
500,28,M,administrator,94305,25-34,Tracy Vaughn
501,22,M,student,10025,18-24,Roy Dorf
502,22,M,student,23092,18-24,Luis Gamino
503,50,F,writer,27514,50-64,Carlton Bratcher
504,40,F,writer,92115,35-49,Johnnie Knotts
505,27,F,other,20657,25-34,Jermaine Laymon
506,46,M,programmer,03869,35-49,William Leeper
507,18,F,writer,28450,18-24,Roy Keith
508,27,M,marketing,19382,25-34,Onita Pierce
509,23,M,administrator,10011,18-24,Lisa Souffrant
510,34,M,other,98038,25-34,Angela Sizer
511,22,M,student,21250,18-24,Geraldine Nelson
512,29,M,other,20090,25-34,Jeffrey Lee
513,43,M,administrator,26241,35-49,Harold Harris
514,27,M,programmer,20707,25-34,Kevin Rodriquez
515,53,M,marketing,49508,50-64,Ina Ahrenholtz
516,53,F,librarian,10021,50-64,Russell Evans
517,24,M,student,55454,18-24,Sonia Gillespie
518,49,F,writer,99709,35-49,James Hermanson
519,22,M,other,55320,18-24,Allen Linderman
520,62,M,healthcare,12603,50-64,Mario Campos
521,19,M,student,02146,18-24,Eleanor Campbell
522,36,M,engineer,55443,35-49,Alejandra Dansby
523,50,F,administrator,04102,50-64,Guy Shade
524,56,M,educator,02159,50-64,Hilaria Ahuna
525,27,F,administrator,19711,25-34,Lidia Fiore
526,30,M,marketing,97124,25-34,Elizabeth Ecklund
527,33,M,librarian,12180,25-34,Paula Duff
528,18,M,student,55104,18-24,Laurie Vasquez
529,47,F,administrator,44224,35-49,Stewart Borden
530,29,M,engineer,94040,25-34,Donald Constantini
531,30,F,salesman,97408,25-34,Michael Rusher
532,20,M,student,92705,18-24,Thomas Smithson
533,43,M,librarian,02324,35-49,Corey Gaden
534,20,M,student,05464,18-24,James Tuley
535,45,F,educator,80302,35-49,Lois Schlau
536,38,M,engineer,30078,35-49,Pamela Levy
537,36,M,engineer,22902,35-49,Landon Hooper
538,31,M,scientist,21010,25-34,Donna Davis
539,53,F,administrator,80303,50-64,Robert Moody
540,28,M,engineer,91201,25-34,Robert Thomas
541,19,F,student,84302,18-24,Jessie Jensen
542,21,M,student,60515,18-24,Francisco Lewis
543,33,M,scientist,95123,25-34,Tracey Ortiz
544,44,F,other,29464,35-49,Arthur Casper
545,27,M,technician,08052,25-34,Jeffrey Avery
546,36,M,executive,22911,35-49,Elva Bautista
547,50,M,educator,14534,50-64,Bryan Bibler
548,51,M,writer,95468,50-64,Mitchell Shaner
549,42,M,scientist,45680,35-49,Augusta Murphy
550,16,F,student,95453,Under 18,Mikel Mitchum
551,25,M,programmer,55414,25-34,Kevin Arias
552,45,M,other,68147,35-49,Todd Watts
553,58,M,educator,62901,50-64,Chad Jenkins
554,32,M,scientist,62901,25-34,Robert Huh
555,29,F,educator,23227,25-34,Cora Morales
556,35,F,educator,30606,35-49,Geraldine Bartley
557,30,F,writer,11217,25-34,Lisa Arment
558,56,F,writer,63132,50-64,Gabriel Ellis
559,69,M,executive,10022,65+,Katherine Pace
560,32,M,student,10003,25-34,Carolyn Fredrickson
561,23,M,engineer,60005,18-24,Michelle Riggs
562,54,F,administrator,20879,50-64,Drew Troxell
563,39,F,librarian,32707,35-49,Joyce Miller
564,65,M,retired,94591,65+,Daniel Porter
565,40,M,student,55422,35-49,Megan Whistler
566,20,M,student,14627,18-24,Richard Gregory
567,24,M,entertainment,10003,18-24,Cory Johnson
568,39,M,educator,01915,35-49,Roberta Reed
569,34,M,educator,91903,25-34,Troy Norrod
570,26,M,educator,14627,25-34,Marsha Ross
571,34,M,artist,01945,25-34,Eugene Hopper
572,51,M,educator,20003,50-64,Margaret Ballard
573,68,M,retired,48911,65+,Kenneth Karlin
574,56,M,educator,53188,50-64,Scottie Shanholtz
575,33,M,marketing,46032,25-34,Elizabeth Brothers
576,48,M,executive,98281,35-49,Neil Bertrand
577,36,F,student,77845,35-49,Lelia Hendrix
578,31,M,administrator,M7A1A,25-34,Jessica Collins
579,32,M,educator,48103,25-34,Linda Hendricks
580,16,M,student,17961,Under 18,Tracy Alberson
581,37,M,other,94131,35-49,Ramon Dotson
582,17,M,student,93003,Under 18,Michael Moore
583,44,M,engineer,29631,35-49,Gary Cramblit
584,25,M,student,27511,25-34,James Rose
585,69,M,librarian,98501,65+,Lisa Denardo
586,20,M,student,79508,18-24,Marion Strickland
587,26,M,other,14216,25-34,Lisa Wohlert
588,18,F,student,93063,18-24,Jeremy Mohmed
589,21,M,lawyer,90034,18-24,Marilyn Lahr
590,50,M,educator,82435,50-64,Donna Mcdowell
591,57,F,librarian,92093,50-64,Kevin Coyle
592,18,M,student,97520,18-24,Julia Romero
593,31,F,educator,68767,25-34,David Felix
594,46,M,educator,M4J2K,35-49,Brooke Kendrick
595,25,M,programmer,31909,25-34,Mathew King
596,20,M,artist,77073,18-24,Ann Morris
597,23,M,other,84116,18-24,Leo Sumner
598,40,F,marketing,43085,35-49,Mark Keith
599,22,F,student,R3T5K,18-24,Martha Anderson
600,34,M,programmer,02320,25-34,Antonio Thomas
601,19,F,artist,99687,18-24,Leslie Hayden
602,47,F,other,34656,35-49,Margery Roberts
603,21,M,programmer,47905,18-24,Marjorie Vanzandt
604,39,M,educator,11787,35-49,Violeta Mcnamee
605,33,M,engineer,33716,25-34,Brenda Miles
606,28,M,programmer,63044,25-34,Dawn Matthews
607,49,F,healthcare,02154,35-49,Christine Hudson
608,22,M,other,10003,18-24,John Curtis
609,13,F,student,55106,Under 18,Mary Arata
610,22,M,student,21227,18-24,Barbra Footman
611,46,M,librarian,77008,35-49,Margaret Rather
612,36,M,educator,79070,35-49,Lynda Johnson
613,37,F,marketing,29678,35-49,Steven Rouse
614,54,M,educator,80227,50-64,Merle Worker
615,38,M,educator,27705,35-49,Jose Lucky
616,55,M,scientist,50613,50-64,Earline Flores
617,27,F,writer,11201,25-34,Jean Santillo
618,15,F,student,44212,Under 18,Paige Crowder
619,17,M,student,44134,Under 18,Marie Hayes
620,18,F,writer,81648,18-24,Arthur Baker
621,17,M,student,60402,Under 18,Elizabeth Jordan
622,25,M,programmer,14850,25-34,Betty Norman
623,50,F,educator,60187,50-64,Elizabeth Clayton
624,19,M,student,30067,18-24,Annie Holben
625,27,M,programmer,20723,25-34,Enrique Richards
626,23,M,scientist,19807,18-24,Julia Wengel
627,24,M,engineer,08034,18-24,Lola Begin
628,13,M,none,94306,Under 18,Shirley Perea
629,46,F,other,44224,35-49,Sallie Garrison
630,26,F,healthcare,55408,25-34,Xavier Mccue
631,18,F,student,38866,18-24,Brian Foley
632,18,M,student,55454,18-24,Penny Isbell
633,35,M,programmer,55414,35-49,Kathleen Mccoy
634,39,M,engineer,T8H1N,35-49,Lynne Powell
635,22,M,other,23237,18-24,Kristina Brandwein
636,47,M,educator,48043,35-49,Betty Cacy
637,30,M,other,74101,25-34,Nicole Mitchell
638,45,M,engineer,01940,35-49,Victoria Dagostino
639,42,F,librarian,12065,35-49,Cora Oneal
640,20,M,student,61801,18-24,Micheal Stevens
641,24,M,student,60626,18-24,Kyle Dunaway
642,18,F,student,95521,18-24,Julie Paquette
643,39,M,scientist,55122,35-49,Arthur Cooper
644,51,M,retired,63645,50-64,Daniel Butters
645,27,M,programmer,53211,25-34,Yolanda Pacheco
646,17,F,student,51250,Under 18,Sheila Hauman
647,40,M,educator,45810,35-49,Arturo Williams
648,43,M,engineer,91351,35-49,Gary Phelps
649,20,M,student,39762,18-24,Michael Barrera
650,42,M,engineer,83814,35-49,Myrtie Devries
651,65,M,retired,02903,65+,Laverne Bullock
652,35,M,other,22911,35-49,Phyllis Barfield
653,31,M,executive,55105,25-34,Alex Brantner
654,27,F,student,78739,25-34,Latanya Kelly
655,50,F,healthcare,60657,50-64,Charles Rector
656,48,M,educator,10314,35-49,Kevin Mccullers
657,26,F,none,78704,25-34,Carla Mcgowan
658,33,M,programmer,92626,25-34,Thad Spanton
659,31,M,educator,54248,25-34,Luis Harman
660,26,M,student,77380,25-34,Mary Read
661,28,M,programmer,98121,25-34,Esther Adame
662,55,M,librarian,19102,50-64,Anne Stout
663,26,M,other,19341,25-34,Andrew Rancourt
664,30,M,engineer,94115,25-34,Jessica Johnson
665,25,M,administrator,55412,25-34,Laura Crown
666,44,M,administrator,61820,35-49,Christina Mitchell
667,35,M,librarian,01970,35-49,Evelyn Rivero
668,29,F,writer,10016,25-34,Joseph Robinson
669,37,M,other,20009,35-49,Michael Goins
670,30,M,technician,21114,25-34,Georgia Leitner
671,21,M,programmer,91919,18-24,Bernice Twyman
672,54,F,administrator,90095,50-64,Trudy Pille
673,51,M,educator,22906,50-64,Teresa Heinlein
674,13,F,student,55337,Under 18,Willie Park
675,34,M,other,28814,25-34,Andrew Ormsby
676,30,M,programmer,32712,25-34,Steven Frazier
677,20,M,other,99835,18-24,Frankie Trias
678,50,M,educator,61462,50-64,Robert Chavez
679,20,F,student,54302,18-24,Douglas Eldridge
680,33,M,lawyer,90405,25-34,Michael Houchens
681,44,F,marketing,97208,35-49,Kris Lambert
682,23,M,programmer,55128,18-24,Frank Berntson
683,42,M,librarian,23509,35-49,Sherry Stallworth
684,28,M,student,55414,25-34,Kyle Ivy
685,32,F,librarian,55409,25-34,Chris Fernandez
686,32,M,educator,26506,25-34,Robert Foley
687,31,F,healthcare,27713,25-34,Charles Rowell
688,37,F,administrator,60476,35-49,Margaret Bartlett
689,25,M,other,45439,25-34,Kathy Brown
690,35,M,salesman,63304,35-49,Carey Greene
691,34,M,educator,60089,25-34,Andrea Rodriguez
692,34,M,engineer,18053,25-34,Dennis Buman
693,43,F,healthcare,85210,35-49,Nita Fountain
694,60,M,programmer,06365,50-64,Ted Roman
695,26,M,writer,38115,25-34,Helen Taylor
696,55,M,other,94920,50-64,Tracey Langer
697,25,M,other,77042,25-34,Joseph Bos
698,28,F,programmer,06906,25-34,Stanton Barbosa
699,44,M,other,96754,35-49,Melinda Hamlet
700,17,M,student,76309,Under 18,Edwardo Szymanski
701,51,F,librarian,56321,50-64,Richard Watkins
702,37,M,other,89104,35-49,Robert Weatherspoon
703,26,M,educator,49512,25-34,Kevin Remaley
704,51,F,librarian,91105,50-64,Donald Anglin
705,21,F,student,54494,18-24,Donald Flores
706,23,M,student,55454,18-24,Frederick Vasquez
707,56,F,librarian,19146,50-64,Stephanie Hernandez
708,26,F,homemaker,96349,25-34,Peggy Thorne
709,21,M,other,N4T1A,18-24,Luz Wheeler
710,19,M,student,92020,18-24,George Garceau
711,22,F,student,15203,18-24,Kenneth Pagan
712,22,F,student,54901,18-24,Tara Williams
713,42,F,other,07204,35-49,Chris Carmona
714,26,M,engineer,55343,25-34,Karen Dutton
715,21,M,technician,91206,18-24,Sun Mimbs
716,36,F,administrator,44265,35-49,Jimmy Jones
717,24,M,technician,84105,18-24,Jose Wright
718,42,M,technician,64118,35-49,Mildred Obrien
719,37,F,other,V0R2H,35-49,Bryce Schmitz
720,49,F,administrator,16506,35-49,Cora Emerson
721,24,F,entertainment,11238,18-24,Roy Ward
722,50,F,homemaker,17331,50-64,Kenneth Cavanagh
723,26,M,executive,94403,25-34,Darlene Taylor
724,31,M,executive,40243,25-34,Chad Kelly
725,21,M,student,91711,18-24,Tracy Puulei
726,25,F,administrator,80538,25-34,Christine Walton
727,25,M,student,78741,25-34,Linda Apadoca
728,58,M,executive,94306,50-64,Scott Mitchell
729,19,M,student,56567,18-24,Lois Smith
730,31,F,scientist,32114,25-34,Denise Wilson
731,41,F,educator,70403,35-49,Andrew Combest
732,28,F,other,98405,25-34,Marsha Bryant
733,44,F,other,60630,35-49,Timothy Hampton
734,25,F,other,63108,25-34,Donna Lynn
735,29,F,healthcare,85719,25-34,Michael Sanville
736,48,F,writer,94618,35-49,Jacqueline Terry
737,30,M,programmer,98072,25-34,Lester Johnson
738,35,M,technician,95403,35-49,Carolyn Mcallister
739,35,M,technician,73162,35-49,Shirley Sims
740,25,F,educator,22206,25-34,Tyrone Cotton
741,25,M,writer,63108,25-34,Harold Mandrell
742,35,M,student,29210,35-49,Patrice Burnside
743,31,M,programmer,92660,25-34,Beatrice Johnson
744,35,M,marketing,47024,35-49,John Schaus
745,42,M,writer,55113,35-49,Patrick Rosado
746,25,M,engineer,19047,25-34,Emily Dennis
747,19,M,other,93612,18-24,Marcelino Drennan
748,28,M,administrator,94720,25-34,Marvin Lucas
749,33,M,other,80919,25-34,Nicole Horn
750,28,M,administrator,32303,25-34,Earle Lane
751,24,F,other,90034,18-24,Judith Pope
752,60,M,retired,21201,50-64,Matthew Damelio
753,56,M,salesman,91206,50-64,John Robertson
754,59,F,librarian,62901,50-64,James Hernandez
755,44,F,educator,97007,35-49,Frank Rowe
756,30,F,none,90247,25-34,Cindy Kulesza
757,26,M,student,55104,25-34,Joni Hagen
758,27,M,student,53706,25-34,Herman Dixon
759,20,F,student,68503,18-24,Duane Banner
760,35,F,other,14211,35-49,Frank Steele
761,17,M,student,97302,Under 18,George Hoffman
762,32,M,administrator,95050,25-34,Karen Bratcher
763,27,M,scientist,02113,25-34,Karmen Mccarty
764,27,F,educator,62903,25-34,Mary Ezell
765,31,M,student,33066,25-34,Pamela Bottom
766,42,M,other,10960,35-49,Peggy Johnson
767,70,M,engineer,00000,65+,Kevin Enoch
768,29,M,administrator,12866,25-34,Beverly Doty
769,39,M,executive,06927,35-49,Jason Hopper
770,28,M,student,14216,25-34,Keith Bergen
771,26,M,student,15232,25-34,Brett Sellers
772,50,M,writer,27105,50-64,Catherine Fair
773,20,M,student,55414,18-24,Brad Hagens
774,30,M,student,80027,25-34,Amber Groover
775,46,M,executive,90036,35-49,Isabelle Escobedo
776,30,M,librarian,51157,25-34,Karyl Thomas
777,63,M,programmer,01810,50-64,Eric Henline
778,34,M,student,01960,25-34,Floyd Allison
779,31,M,student,K7L5J,25-34,Beatrice Garvey
780,49,M,programmer,94560,35-49,Ruben Khan
781,20,M,student,48825,18-24,Mindy Nutt
782,21,F,artist,33205,18-24,Walter Cronin
783,30,M,marketing,77081,25-34,Stewart Varela
784,47,M,administrator,91040,35-49,Mary Hollingshead
785,32,M,engineer,23322,25-34,Moises Fitzgerald
786,36,F,engineer,01754,35-49,Rodney Holcomb
787,18,F,student,98620,18-24,Jessica Duncan
788,51,M,administrator,05779,50-64,Shirley Edwards
789,29,M,other,55420,25-34,Clifford Vargas
790,27,M,technician,80913,25-34,Larry Berner
791,31,M,educator,20064,25-34,Daniel Wright
792,40,M,programmer,12205,35-49,Karen Rodriguez
793,22,M,student,85281,18-24,David Hale
794,32,M,educator,57197,25-34,Gary Sinclair
795,30,M,programmer,08610,25-34,Daniel Ledwig
796,32,F,writer,33755,25-34,Frankie Gehl
797,44,F,other,62522,35-49,Tracy Vinson
798,40,F,writer,64131,35-49,Randy Feldhaus
799,49,F,administrator,19716,35-49,Robert Blasko
800,25,M,programmer,55337,25-34,Theresa Bascomb
801,22,M,writer,92154,18-24,Carlton Hohman
802,35,M,administrator,34105,35-49,Dottie Crow
803,70,M,administrator,78212,65+,Betty Ladouceur
804,39,M,educator,61820,35-49,Rosana Stollsteimer
805,27,F,other,20009,25-34,Charles Hewitt
806,27,M,marketing,11217,25-34,Jerry Maasch
807,41,F,healthcare,93555,35-49,Phyllis Reyes
808,45,M,salesman,90016,35-49,Eldridge Graham
809,50,F,marketing,30803,50-64,Raymond Pace
810,55,F,other,80526,50-64,Susan Paul
811,40,F,educator,73013,35-49,Allen Evans
812,22,M,technician,76234,18-24,Velma Larson
813,14,F,student,02136,Under 18,Sherry Palmieri
814,30,M,other,12345,25-34,Sarita Bowley
815,32,M,other,28806,25-34,Randolph Halbert
816,34,M,other,20755,25-34,Richard Merrifield
817,19,M,student,60152,18-24,Edward Alligood
818,28,M,librarian,27514,25-34,Randy Alonzo
819,59,M,administrator,40205,50-64,Elsie Deloy
820,22,M,student,37725,18-24,Raymond Roberson
821,37,M,engineer,77845,35-49,George Mcnatt
822,29,F,librarian,53144,25-34,Lorene Dion
823,27,M,artist,50322,25-34,Julia Clapp
824,31,M,other,15017,25-34,Charles Korando
825,44,M,engineer,05452,35-49,Lowell Cockrill
826,28,M,artist,77048,25-34,Aaron Dixson
827,23,F,engineer,80228,18-24,Ana Storm
828,28,M,librarian,85282,25-34,Aaron Sexton
829,48,M,writer,80209,35-49,Carlos Cooper
830,46,M,programmer,53066,35-49,Michael Logan
831,21,M,other,33765,18-24,George Vasquez
832,24,M,technician,77042,18-24,Kathryn Davis
833,34,M,writer,90019,25-34,Geraldine Peterson
834,26,M,other,64153,25-34,Richard Preslipsky
835,44,F,executive,11577,35-49,Jennifer Talley
836,44,M,artist,10018,35-49,Cathy Clark
837,36,F,artist,55409,35-49,Lori Klyce
838,23,M,student,01375,18-24,Amanda Nash
839,38,F,entertainment,90814,35-49,Don Bieker
840,39,M,artist,55406,35-49,Robert Tagliarini
841,45,M,doctor,47401,35-49,Christopher Butler
842,40,M,writer,93055,35-49,Joseph Leyva
843,35,M,librarian,44212,35-49,Sheila Mcpherson
844,22,M,engineer,95662,18-24,Sharon Lipson
845,64,M,doctor,97405,50-64,Gloria Turner
846,27,M,lawyer,47130,25-34,Marion Murphy
847,29,M,student,55417,25-34,Christopher Loud
848,46,M,engineer,02146,35-49,Robert Williams
849,15,F,student,25652,Under 18,Hyun Odonnell
850,34,M,technician,78390,25-34,Leonard Porter
851,18,M,other,29646,18-24,John Good
852,46,M,administrator,94086,35-49,Mona Habbyshaw
853,49,M,writer,40515,35-49,Barbara Pena
854,29,F,student,55408,25-34,Nathaniel Layman
855,53,M,librarian,04988,50-64,Juan Root
856,43,F,marketing,97215,35-49,Joseph Fisher
857,35,F,administrator,V1G4L,35-49,Harry Moore
858,63,M,educator,09645,50-64,Karen Toomey
859,18,F,other,06492,18-24,Stanley Martinez
860,70,F,retired,48322,65+,Cindy Krause
861,38,F,student,14085,35-49,Gayla Hurst
862,25,M,executive,13820,25-34,Kenneth Hannah
863,17,M,student,60089,Under 18,Edward Bojorquez
864,27,M,programmer,63021,25-34,Juan Fleming
865,25,M,artist,11231,25-34,Irene Gimbel
866,45,M,other,60302,35-49,Curt Hupper
867,24,M,scientist,92507,18-24,Thomas Hopkins
868,21,M,programmer,55303,18-24,Richard Miller
869,30,M,student,10025,25-34,Barbara Womble
870,22,M,student,65203,18-24,Rebecca Davis
871,31,M,executive,44648,25-34,Dianna Hoskinson
872,19,F,student,74078,18-24,Christy Myers
873,48,F,administrator,33763,35-49,Aleen Metzger
874,36,M,scientist,37076,35-49,Mary Haas
875,24,F,student,35802,18-24,Nancy Burton
876,41,M,other,20902,35-49,Thomas Green
877,30,M,other,77504,25-34,Marilyn Flores
878,50,F,educator,98027,50-64,Freddy Jones
879,33,F,administrator,55337,25-34,Paul Rudzinski
880,13,M,student,83702,Under 18,William Kee
881,39,M,marketing,43017,35-49,Justin Pierce
882,35,M,engineer,40503,35-49,Patrick Carnagey
883,49,M,librarian,50266,35-49,Dennis Marrero
884,44,M,engineer,55337,35-49,Kathern Vazquez
885,30,F,other,95316,25-34,David Avellino
886,20,M,student,61820,18-24,Genevieve Morris
887,14,F,student,27249,Under 18,Rena Richard
888,41,M,scientist,17036,35-49,Richard Crain
889,24,M,technician,78704,18-24,Tammy Comer
890,32,M,student,97301,25-34,Errol Davis
891,51,F,administrator,03062,50-64,Elizabeth Reese
892,36,M,other,45243,35-49,Erin Sands
893,25,M,student,95823,25-34,Mary Southwick
894,47,M,educator,74075,35-49,Colleen Moore
895,31,F,librarian,32301,25-34,Gwyneth Lemon
896,28,M,writer,91505,25-34,Larry Adams
897,30,M,other,33484,25-34,Margaret Buchanan
898,23,M,homemaker,61755,18-24,Felipe Hall
899,32,M,other,55116,25-34,Mildred Cassidy
900,60,M,retired,18505,50-64,Cindy Slaughter
901,38,M,executive,L1V3W,35-49,Gena Rogers
902,45,F,artist,97203,35-49,Lisha Venable
903,28,M,educator,20850,25-34,Mark Stiltner
904,17,F,student,61073,Under 18,Bertha Gray
905,27,M,other,30350,25-34,Charles Murach
906,45,M,librarian,70124,35-49,Edward Wethington
907,25,F,other,80526,25-34,Ronald Cofer
908,44,F,librarian,68504,35-49,Mario Jones
909,50,F,educator,53171,50-64,Inez Hirsch
910,28,M,healthcare,29301,25-34,Angelia James
911,37,F,writer,53210,35-49,Barbara Gallaway
912,51,M,other,06512,50-64,Lauren Adkins
913,27,M,student,76201,25-34,Wilburn Green
914,44,F,other,08105,35-49,Raymond Mendoza
915,50,M,entertainment,60614,50-64,Mildred Gray
916,27,M,engineer,N2L5N,25-34,Gerald Lundy
917,22,F,student,20006,18-24,George Donart
918,40,M,scientist,70116,35-49,Kristine Guerin
919,25,M,other,14216,25-34,Tonya Strode
920,30,F,artist,90008,25-34,Larry Avera
921,20,F,student,98801,18-24,Irma Bream
922,29,F,administrator,21114,25-34,Louise Mccabe
923,21,M,student,E2E3R,18-24,Steven Vetrano
924,29,M,other,11753,25-34,Shari Peterson
925,18,F,salesman,49036,18-24,Steven Eckenrode
926,49,M,entertainment,01701,35-49,Brian Gonzalez
927,23,M,programmer,55428,18-24,Deana Smith
928,21,M,student,55408,18-24,George Lee
929,44,M,scientist,53711,35-49,Michael Crawford
930,28,F,scientist,07310,25-34,Maria Grimes
931,60,M,educator,33556,50-64,Betty Faunce
932,58,M,educator,06437,50-64,Graham Aragon
933,28,M,student,48105,25-34,Andrea Blackwell
934,61,M,engineer,22902,50-64,Andrew Carr
935,42,M,doctor,66221,35-49,Deborah Williams
936,24,M,other,32789,18-24,John Hirsch
937,48,M,educator,98072,35-49,Bob Hazelwood
938,38,F,technician,55038,35-49,Christine Kim
939,26,F,student,33319,25-34,Maria Cogdill
940,32,M,administrator,02215,25-34,Nick Whitchurch
941,20,M,student,97229,18-24,Margaret Kosco
942,48,F,librarian,78209,35-49,Dewayne Shafer
943,22,M,student,77841,18-24,James Schwartz
