User-ID,ISBN,Rating,book_id
2,0195153448,0.0,8968
7,034542252,0.0,8969
8,0002005018,2.5,8970
8,0060973129,0.0,8971
8,0374157065,0.0,8972
8,0393045218,0.0,8973
8,0399135782,0.0,8974
8,0425176428,0.0,8975
8,0671870432,0.0,8976
8,0679425608,0.0,8977
8,074322678X,2.5,8978
8,0771025661,0.0,8979
8,0771074670,0.0,8980
8,080652121X,0.0,8981
8,0887841740,2.5,8982
8,1552041778,2.5,8983
8,1558746218,0.0,8984
8,1567407781,3.0,8985
8,1575663937,3.0,8986
8,1881320189,3.5,8987
9,0440234743,0.0,2032
9,0452264464,3.0,2675
9,0609804618,0.0,8988
10,1841721522,0.0,8989
10,8477024456,3.0,8990
12,1879384493,5.0,8991
14,0061076031,2.5,4122
14,0439095026,2.5,8992
14,0689821166,3.0,8993
14,0971880107,0.0,453
16,0345402871,4.5,3051
16,0345417623,0.0,3053
17,0312978383,0.0,8994
17,0425099148,3.5,8995
17,0553264990,2.5,8996
17,0553278398,0.0,8997
17,0684823802,0.0,8998
17,0891075275,3.0,7954
17,0891076182,1.5,8999
19,0375759778,3.5,9000
20,0425163091,0.0,9001
22,3404921038,3.5,9002
22,3442353866,0.0,9003
22,3442410665,0.0,9004
22,3442446937,0.0,9005
23,0375406328,0.0,1090
26,0446310786,5.0,642
26,0449005615,4.5,2698
32,0060168013,4.0,9006
32,038078243X,0.0,9007
32,055321215X,0.0,9008
36,067176537X,0.0,9009
38,8807016354,0.0,9010
38,8887913056,0.0,9011
39,0061099686,0.0,9012
39,0553582909,4.0,9013
39,0671888587,3.5,2090
42,0553582747,3.5,9014
44,0425182908,0.0,4015
44,042518630X,0.0,5837
44,0440223571,4.0,3630
44,0812523873,0.0,9015
44,0842342702,0.0,9016
51,0440225701,4.5,961
53,0060914068,1.5,9017
53,0156047624,5.0,9018
53,0245542957,3.0,9019
53,0380715899,4.5,9020
53,0553280333,0.0,9021
53,0961769947,0.0,9022
53,0964778319,0.0,9023
56,0671623249,3.5,9024
56,0679810307,0.0,9025
56,0679865691,4.5,9026
64,2070423204,3.5,9027
67,0345260317,0.0,9028
67,0394743741,3.5,9029
67,042511774X,0.0,1102
67,0804106304,0.0,449
68,1853262404,0.0,456
69,0312970242,0.0,9030
69,0617683993,3.0,9031
69,0676973655,1.5,9032
69,0770428827,0.0,9033
69,0773670637,0.0,9034
69,1853260053,4.0,8356
70,1414035004,5.0,9035
73,0060938412,2.5,9036
75,0140067477,0.0,1455
75,0345465083,0.0,9037
75,0451625889,0.0,9038
75,1558531025,2.5,8959
77,0441783589,0.0,9039
78,0394895894,4.0,9040
79,1569871213,0.0,9041
81,0375410538,2.5,9042
82,0966986105,5.0,9043
83,087113375X,3.5,9044
85,0340767936,2.5,9045
85,0743403843,0.0,9046
86,0060930365,2.0,9047
87,0060177586,0.0,9048
87,0071416331,4.0,9049
87,0375509038,4.0,9050
88,0553062042,3.5,9051
91,0316769487,4.5,2649
92,8445071408,3.5,9052
92,8445071769,4.0,9053
92,8445071777,5.0,9054
95,0679429220,0.0,2919
97,0671867156,3.5,9055
99,0312252617,4.0,3774
99,0312261594,4.0,9056
99,0316748641,3.5,9057
99,0316973742,0.0,9058
99,0385235941,3.0,9059
99,0446677450,5.0,9060
99,0451166892,1.5,30
99,0553347594,4.5,9061
99,0671621009,5.0,9062
99,067976397X,0.0,2595
99,0684822733,0.0,9063
99,0786868716,0.0,2102
100,0431111110,0.0,9064
102,8472238822,3.5,9065
107,0671864769,4.0,9066
109,0671521519,2.5,9067
110,0440222303,3.0,9068
114,0312953453,3.5,9069
114,0446608653,4.5,9070
114,0446612545,4.5,3544
114,0446612618,4.0,9071
114,0451208080,4.0,9072
114,0553584383,4.5,9073
114,0671027360,5.0,1917
114,0812575954,2.5,9074
125,0679429220,5.0,2919
129,0316735736,3.5,9075
132,0743439740,0.0,9076
133,0345372700,5.0,9077
133,0380619458,0.0,9078
133,0446325805,0.0,9079
135,0451406923,0.0,9080
135,0671042858,0.0,1043
137,0771024894,3.0,9081
139,0143034359,0.0,9082
139,0316778508,0.0,9083
139,0743249992,0.0,9084
141,0840734530,5.0,9085
144,0425184226,0.0,3933
151,0375500766,0.0,9086
160,8573022876,3.0,9087
160,8573024771,4.0,9088
160,9722322702,3.5,9089
160,9724111989,0.0,9090
160,9724119378,0.0,9091
160,9724222500,0.0,9092
160,9724227030,0.0,9093
160,9727110843,4.0,9094
160,9727114962,3.5,9095
160,9728579225,4.0,9096
162,0451205197,2.5,9097
165,0060929790,0.0,9098
165,0060976845,4.5,1315
165,0061099325,2.0,9099
165,0446612545,2.5,3544
165,0671004573,0.0,9100
169,0446601640,3.5,6147
176,0330484516,0.0,9101
176,038572179X,0.0,9102
176,0393020371,0.0,9103
176,1900850303,2.0,9104
176,1903019699,0.0,9105
178,0345425294,0.0,9106
178,0451410319,3.0,9107
178,0553583468,0.0,9108
182,9024503620,0.0,9109
182,9025444432,0.0,9110
182,9029066458,0.0,9111
182,9029517751,0.0,9112
182,9044303244,0.0,9113
182,904460021,0.0,9114
182,9044601695,1.5,9115
183,058608195X,0.0,9116
183,100940/86,4.5,9117
183,10622/86,0.0,9118
183,10745/85,0.0,9119
183,10756/85,0.0,9120
183,127420/98,4.0,9121
183,13440/86,3.5,9122
183,1351334340,0.0,9123
183,1351394403,4.0,9124
183,140274871,4.0,9125
183,15019/87,3.5,9126
183,16560/87,5.0,9127
183,16785/87,3.5,9128
183,18128/87,3.5,9129
183,18678/87,3.5,9130
183,194114/03,0.0,9131
183,19973/88,3.0,9132
183,20070/88,0.0,9133
183,203671/03,4.0,9134
183,2070567842,4.0,9135
183,225314696X,0.0,9136
183,23950/88,3.0,9137
183,24297/89,0.0,9138
183,24340/88,0.0,9139
183,30623/89,3.5,9140
183,350573385,0.0,9141
183,350583378,0.0,9142
183,350903808,0.0,9143
183,36388/90,4.0,9144
183,40052/90,3.5,9145
183,40614/2098,4.0,9146
183,40827/3218,0.0,9147
183,71837/93,4.0,9148
183,75666/95,4.0,9149
183,77556/94,3.5,9150
183,80651/94,3.5,9151
183,8401422825,4.5,9152
183,8420639133,0.0,9153
183,8433920081,0.0,9154
183,8440630794,3.5,9155
183,847223973X,4.5,9156
183,8476409419,4.0,9157
183,8497890663,5.0,9158
183,8531605717,0.0,9159
183,8585362693,4.5,9160
183,8585443464,4.5,9161
183,9714511081,4.5,9162
183,9721027855,0.0,9163
183,9721028800,3.5,9164
183,9721033561,3.5,9165
183,9721035130,4.0,9166
183,9722007149,0.0,9167
183,9722009184,0.0,9168
183,9722013831,3.0,9169
183,9722020242,4.5,9170
183,9722105507,4.0,9171
183,9722113747,4.5,9172
183,9722319914,4.0,9173
183,972233028,0.0,9174
183,9722330950,4.5,9175
183,9722902628,3.5,9176
183,9723302500,0.0,9177
183,9723317516,0.0,9178
183,972370403X,4.0,9179
183,9723706504,4.0,9180
183,9723816709,0.0,9181
183,9723817535,0.0,9182
183,9723818809,0.0,9183
183,9723819171,0.0,9184
183,9724114384,3.5,9185
183,9724128725,4.0,9186
183,9724129411,4.5,9187
183,9724131009,3.5,9188
183,9724206378,0.0,9189
183,9724502023,4.5,9190
183,9724508552,4.0,9191
183,9724509524,4.0,9192
183,97245146089,4.5,9193
183,972568440X,0.0,9194
183,9726080630,5.0,9195
183,972608122X,0.0,9196
183,9726081327,4.0,9197
183,9726081378,4.5,9198
183,9726081424,4.5,9199
183,9726101034,3.5,9200
183,9726116384,0.0,9201
183,9726593855,4.5,9202
183,9726621445,0.0,9203
183,9726621720,0.0,9204
183,9726626536,0.0,9205
183,9726650178,0.0,9206
183,9726652499,0.0,9207
183,9726653525,4.5,9208
183,9726953308,0.0,9209
183,9726991366,4.0,9210
183,9726993474,4.0,9211
183,9727086179,0.0,9212
183,972708673X,0.0,9213
183,9727100112,4.5,9214
183,9727110541,4.0,9215
183,9727112145,0.0,9216
183,9727474381,0.0,9217
183,9727474810,0.0,9218
183,972795023X,0.0,9219
183,9728305729,4.0,9220
183,9728313039,4.0,9221
183,9728351380,0.0,9222
183,9728416008,0.0,9223
183,9728440006,4.0,9224
183,9728440030,4.5,9225
183,9728440057,3.5,9226
183,9728440138,4.5,9227
183,9728440170,4.5,9228
183,9728440200,4.5,9229
183,9728440324,4.5,9230
183,9728440383,4.0,9231
183,9728440405,4.5,9232
183,9728440456,3.5,9233
183,9728440642,4.5,9234
183,9728440693,3.5,9235
183,9728440804,4.5,9236
183,9728487002,5.0,9237
183,9728487142,5.0,9238
183,9728487150,4.0,9239
183,9728487266,3.0,9240
183,9728487304,3.0,9241
183,9728487355,3.5,9242
183,9728487576,3.0,9243
183,9728487606,3.0,9244
183,9728487614,4.0,9245
183,9728515227,4.5,9246
183,9729720495,4.5,9247
183,972975831X,3.5,9248
183,9729817715,3.0,9249
183,9729852405,4.0,9250
183,9748440537,4.0,9251
185,0380778556,5.0,2750
185,0451525221,0.0,9252
190,0002740230,3.5,9253
193,0971880107,0.0,453
199,0373196407,0.0,9254
199,0373196520,0.0,9255
199,0385336772,0.0,9256
199,0440949424,0.0,9257
199,0505524996,0.0,9258
202,0140252800,3.0,9259
204,0451452755,0.0,9260
204,0812575482,0.0,9261
207,044651747X,0.0,3150
212,0060801263,4.0,9262
215,0061030147,3.0,9263
217,0140250964,4.0,9264
221,1880539365$9.,5.0,9265
224,0446527165,4.0,3786
226,0671461494,4.0,9266
228,0385337639,3.5,9267
228,039575514X,4.5,9268
230,0451206673,3.0,9269
232,0007123817,3.5,9270
232,0330332775,0.0,87
232,0486284735,4.0,9271
232,0671021745,2.0,9272
232,0671047612,3.0,9273
232,0671504282,3.0,9274
233,9511173758,4.5,9275
233,9515710014,0.0,9276
236,0399138684,0.0,872
237,0785263292,0.0,9277
237,0830714014,0.0,9278
241,0345354931,0.0,9279
242,0553278223,5.0,9280
242,0971880107,0.0,453
242,3150000335,5.0,9281
242,3257202083,5.0,9282
242,3257203136,4.0,9283
242,3257203659,4.5,9284
242,3257207522,5.0,9285
242,3257208626,4.0,9286
242,3257208634,5.0,9287
242,3257208640,4.5,9288
242,3257208650,5.0,9289
242,3257208669,4.5,9290
242,3257210450,5.0,9291
242,3257212054,5.0,9292
242,3257212429,5.0,9293
242,3257214154,4.5,9294
242,3257216416,3.5,9295
242,3257233051,4.5,9296
242,342311360X,5.0,9297
242,3423114185,4.5,9298
242,3423116714,0.0,9299
242,3423241489,0.0,9300
242,3426605686,0.0,9301
242,3451040395,3.0,9302
242,3453124731,0.0,9303
242,3453212150,3.5,9304
242,3462021095,0.0,9305
242,3492045642,4.0,9306
242,3498020862,4.0,9307
242,3499110695,3.5,9308
242,3499151502,4.5,9309
242,349917281X,2.5,9310
242,3518111000,0.0,9311
242,3518370324,5.0,9312
242,3548254268,5.0,9313
242,3570300099,3.0,9314
242,3596221269,5.0,9315
242,3596292646,3.5,9316
242,382897239X,0.0,9317
242,3928812343,3.5,9318
242,393463849X,2.5,9319
243,0060915544,5.0,2767
243,0060977493,3.5,3810
243,0140272100,3.0,9320
243,0156006529,0.0,9321
243,0312169787,0.0,9322
243,0312872682,0.0,9323
243,0316096199,0.0,1486
243,0316601950,4.5,1271
243,0316602906,0.0,9324
243,0316666343,0.0,422
243,0316693006,0.0,9325
243,0316776963,4.5,1491
243,0316899984,3.5,8685
243,0345311396,0.0,1497
243,0345378490,0.0,3049
243,0345404793,0.0,9326
243,0345409051,0.0,9327
243,0345433173,0.0,9328
243,0345465083,0.0,9037
243,0349109117,0.0,9329
243,0373483880,0.0,9330
243,0375400117,5.0,2898
243,0375705856,0.0,9331
243,0375727345,0.0,3341
243,0380717018,0.0,2653
243,0380718332,0.0,1535
243,0380754509,0.0,9332
243,038076654X,0.0,5569
243,0380807866,0.0,9333
243,0385316895,3.0,9334
243,0385497466,0.0,3781
243,0385508042,0.0,2189
243,0385509456,0.0,9335
243,0385511612,0.0,2268
243,0385720106,3.5,9336
243,0385730586,0.0,8571
243,0425092917,0.0,9337
243,0425098834,0.0,9338
243,042511774X,0.0,1102
243,0425163407,4.5,9339
243,0425164403,0.0,9340
243,0440224764,0.0,1609
243,0440225701,0.0,961
243,0440226430,0.0,2858
243,0440234743,0.0,2032
243,0440234964,0.0,9341
243,044023722X,3.5,1243
243,0446353205,0.0,9342
243,0446358592,0.0,9343
243,0446360856,0.0,9344
243,0446364800,4.5,6126
243,0446600466,0.0,9345
243,0446600474,0.0,9346
243,0446605484,0.0,793
243,0446606383,3.0,1108
243,0446610399,0.0,8696
243,0446612790,0.0,1934
243,0449006522,3.0,12
243,0449911004,0.0,9347
243,0451162072,0.0,6252
243,0451186648,0.0,9348
243,0452282152,0.0,1272
243,051512219X,0.0,1936
243,0515130389,0.0,3229
243,051513290X,0.0,9349
243,0517122707,0.0,9350
243,0553580388,4.0,8812
243,0590598848,0.0,9351
243,0590629719,0.0,1214
243,0671023616,0.0,9352
243,0671027387,0.0,9353
243,0671042572,0.0,9354
243,0679450408,0.0,943
243,0684848783,0.0,9355
243,0743486226,0.0,950
243,0786863986,2.5,9356
243,0803251718,2.5,9357
243,0804117934,0.0,9358
243,0880960043,0.0,9359
243,140003180X,0.0,3537
243,155874262X,2.5,8880
244,0060977493,3.5,3810
244,0060987103,4.0,9360
244,0151008116,4.5,9361
244,0375704965,4.0,8790
244,0525947647,4.5,9362
244,0804111359,4.0,3323
244,155874262X,3.0,8880
244,1558744150,3.0,2203
247,0435272683,3.5,9363
247,9607213858,0.0,9364
249,0349109117,4.0,9329
250,006102063X,0.0,9365
254,006000438X,0.0,9366
254,0060013117,0.0,9367
254,0060199563,0.0,9368
254,0060391448,0.0,9369
254,0060502320,3.5,9370
254,006052779X,0.0,9371
254,0060563079,0.0,9372
254,0060809027,0.0,9373
254,0060930535,0.0,1440
254,0060934700,4.5,9374
254,0060934719,0.0,9375
254,0060976977,3.5,9376
254,0061020699,0.0,9377
254,0061020702,0.0,9378
254,0061020710,0.0,9379
254,0061040967,0.0,9380
254,0061050474,0.0,9381
254,0061052515,0.0,9382
254,0061052523,0.0,9383
254,0061092819,0.0,9384
254,0061094595,0.0,9385
254,0062502174,0.0,9386
254,0064401774,0.0,4149
254,0064471047,3.5,4166
254,0064472264,0.0,9387
254,0066238501,2.5,9388
254,014028009X,0.0,8681
254,0140298479,0.0,9389
254,0140328734,0.0,9390
254,0140367470,0.0,9391
254,0140620664,0.0,9392
254,014100018X,0.0,1463
254,0141301066,0.0,9393
254,0141301104,0.0,9394
254,0141310685,0.0,9395
254,014143967X,0.0,9396
254,0142001740,4.5,1465
254,014230218X,0.0,9397
254,0304345350,0.0,9398
254,0312148267,0.0,9399
254,0312151144,0.0,9400
254,0312156960,0.0,9401
254,0312305060,0.0,9402
254,0312863934,4.5,9403
254,0312865104,0.0,9404
254,0312868332,0.0,9405
254,0312869592,0.0,9406
254,0312873972,0.0,9407
254,0312874014,0.0,9408
254,0312875681,0.0,9409
254,0312890044,0.0,9410
254,0312974221,0.0,9411
254,0316569321,0.0,1489
254,0316769487,0.0,2649
254,0316776963,0.0,1491
254,0340718153,0.0,9412
254,0345294688,0.0,9413
254,0345342445,0.0,9414
254,0345350499,0.0,8633
254,0345350596,0.0,9415
254,0345357019,0.0,9416
254,0345384466,0.0,4716
254,0345387651,0.0,8933
254,034543014X,0.0,9417
254,034543191X,0.0,9418
254,0345434803,0.0,9419
254,0373030959,0.0,2362
254,0373031106,0.0,9420
254,0373033605,2.5,9421
254,0373033923,0.0,9422
254,0373063040,0.0,9423
254,0373063091,0.0,9424
254,0373063105,0.0,9425
254,0373063237,0.0,9426
254,0373063296,0.0,9427
254,0373072430,0.0,9428
254,0373075502,0.0,9429
254,037307848X,0.0,9430
254,0373162669,2.5,9431
254,0373166613,0.0,9432
254,0373218400,0.0,9433
254,0373224540,0.0,9434
254,0373226063,3.0,5222
254,0373226071,0.0,9435
254,0373226144,2.5,5223
254,0373226276,0.0,5224
254,0373241739,0.0,9436
254,0373242034,0.0,9437
254,0373242077,0.0,9438
254,0373242441,0.0,9439
254,0373243944,2.5,9440
254,0373243952,0.0,5273
254,0373243979,2.0,9441
254,037326240X,0.0,5305
254,0373600739,0.0,9442
254,0373650132,0.0,9443
254,0373707010,0.0,9444
254,0373707266,0.0,9445
254,0373707290,0.0,9446
254,0373707711,0.0,9447
254,0373708130,0.0,5443
254,0373708149,0.0,5444
254,037370951X,0.0,5453
254,0373709625,0.0,5454
254,0373709889,2.5,9448
254,0373762065,0.0,9449
254,0373810431,3.5,9450
254,0373810482,0.0,9451
254,0373810601,3.0,9452
254,0373822405,0.0,9453
254,0373822456,0.0,9454
254,0373825617,0.0,9455
254,0373825692,0.0,9456
254,0373834446,4.0,9457
254,0373834454,0.0,9458
254,0373834462,0.0,9459
254,0373834489,4.5,9460
254,0373834543,0.0,9461
254,0373835493,0.0,9462
254,0373835558,0.0,9463
254,0373835582,0.0,9464
254,0373835590,0.0,9465
254,0373836023,3.5,9466
254,0375503269,0.0,9467
254,0375503838,0.0,9468
254,0375713549,0.0,9469
254,0375724370,0.0,9470
254,0375727345,0.0,3341
254,0375751513,0.0,1529
254,0375756469,4.5,9471
254,0375801677,0.0,9472
254,0375814248,0.0,9473
254,0375823352,0.0,9474
254,037582345X,4.5,9475
254,0375823468,4.5,9476
254,038070174X,0.0,9477
254,0380730448,4.0,9478
254,0380789019,0.0,2832
254,0380789035,5.0,5575
254,0380810492,3.5,9479
254,0380817845,4.0,9480
254,0380973634,5.0,9481
254,0380973650,4.5,9482
254,0380973839,4.5,9483
254,0380977281,4.0,9484
254,0380977788,0.0,9485
254,038097827X,4.0,9486
254,0385134681,0.0,9487
254,0385327773,0.0,9488
254,038533348X,0.0,9489
254,038542017X,0.0,9490
254,0385603401,0.0,9491
254,0385605331,0.0,9492
254,0394586239,0.0,9493
254,0399146431,4.5,3917
254,0399501487,0.0,1567
254,0413537900,0.0,9494
254,0425092917,0.0,9337
254,0425145638,0.0,5812
254,0425177009,0.0,9495
254,0439064864,4.5,530
254,0439064872,4.5,1591
254,0439136350,4.5,9496
254,0439136369,4.5,1592
254,0439139597,4.5,9497
254,043935806X,0.0,85
254,0439510112,0.0,9498
254,044018293X,0.0,9499
254,0440211263,0.0,8905
254,0440241413,0.0,9500
254,0440403278,0.0,9501
254,0440419468,0.0,1614
254,0440841216,0.0,6065
254,0440967694,0.0,2756
254,0441003257,0.0,9502
254,0441008615,0.0,9503
254,0441172695,0.0,9504
254,0441569595,0.0,9505
254,0446329142,0.0,9506
254,0446341932,2.5,9507
254,0446350109,0.0,6113
254,0446354678,0.0,9508
254,0446356832,0.0,9509
254,0446363499,0.0,9510
254,0446364762,0.0,9511
254,0446527785,0.0,3087
254,0446529540,0.0,9512
254,0446605239,0.0,3326
254,0448060043,0.0,9513
254,0449005550,0.0,9514
254,0449226182,0.0,9515
254,0449242765,0.0,6225
254,0451088816,0.0,9516
254,0451137965,0.0,1374
254,0451150244,0.0,9517
254,0451167317,4.0,35
254,0451167716,0.0,9518
254,0451201914,0.0,9519
254,0451406176,3.0,6286
254,0451408845,0.0,6292
254,0451409256,3.5,9520
254,0451522389,0.0,9521
254,0451523415,0.0,9522
254,0451524934,4.5,3549
254,0451526279,0.0,9523
254,0451526341,4.0,9524
254,0451628276,0.0,9525
254,0452277337,0.0,2592
254,0452282152,0.0,1272
254,0486415864,0.0,9526
254,0515090379,0.0,9527
254,0515095524,0.0,9528
254,051510521X,0.0,9529
254,051512317X,0.0,2998
254,0515130923,0.0,1658
254,051513287X,0.0,3950
254,051788139X,0.0,9530
254,0553250426,0.0,8707
254,0553250531,0.0,9531
254,0553263633,4.0,9532
254,0553265741,0.0,9533
254,0553273604,0.0,1117
254,0553280325,4.0,9534
254,0553280589,0.0,9535
254,0553293761,0.0,9536
254,0553350072,0.0,9537
254,0553371010,0.0,9538
254,0553560468,0.0,9539
254,0553571591,0.0,9540
254,0571197639,0.0,9541
254,0575061596,0.0,9542
254,0590353403,4.5,9543
254,0590402129,0.0,9544
254,059043893X,0.0,9545
254,0590440675,0.0,9546
254,0613028155,0.0,9547
254,0618002219,4.5,2300
254,0618002227,4.0,9548
254,0618002235,0.0,9549
254,0618002243,0.0,9550
254,0670035262,0.0,9551
254,0671015311,0.0,9552
254,0671021001,3.5,1124
254,0671040480,0.0,9553
254,0671465376,0.0,9554
254,0671525743,0.0,7136
254,0671527215,0.0,9555
254,067164405X,0.0,9556
254,0671676245,0.0,9557
254,0671786113,0.0,9558
254,0679405828,0.0,9559
254,0679409033,0.0,9560
254,0679423079,0.0,9561
254,0679433228,0.0,9562
254,0679735909,0.0,8814
254,0679751343,0.0,9563
254,067976402X,0.0,2833
254,0679781587,4.0,1336
254,0679879242,4.0,9564
254,0679879250,0.0,9565
254,0681415207,3.5,9566
254,0684833395,0.0,9567
254,0684872153,0.0,1386
254,0684874350,0.0,3075
254,0708860737,0.0,9568
254,0743225406,0.0,2600
254,0743245024,0.0,9569
254,0749748001,0.0,9570
254,0749748028,0.0,9571
254,076072850X,0.0,9572
254,0765300222,0.0,9573
254,0801957729,0.0,9574
254,0804106304,0.0,449
254,080410753X,0.0,1768
254,0804108552,0.0,9575
254,0808520695,0.0,9576
254,0811826597,0.0,9577
254,0811826848,0.0,9578
254,0812516214,0.0,9579
254,0812542819,0.0,9580
254,0821771949,0.0,9581
254,086140324X,0.0,9582
254,0871131811,0.0,9583
254,088001380X,0.0,9584
254,088396452X,0.0,9585
254,0895774011,0.0,3450
254,0895775522,0.0,9586
254,0963094424,0.0,9587
254,0965834581,0.0,9588
254,1401200893,0.0,9589
254,1401201172,0.0,9590
254,1551660237,0.0,9591
254,155166500X,0.0,9592
254,1551667894,0.0,9593
254,1551667959,0.0,9594
254,1556520743,4.5,9595
254,1563890356,0.0,9596
254,1563892251,0.0,9597
254,156389226X,4.5,9598
254,1563892278,0.0,9599
254,1563892464,0.0,9600
254,1563895730,4.5,9601
254,1563898586,0.0,9602
254,1565041992,0.0,9603
254,1566197589,0.0,9604
254,1567310877,4.0,9605
254,156971620X,4.5,9606
254,1573226882,0.0,9607
254,1583140379,0.0,9608
254,1592571301,0.0,9609
254,1857989546,0.0,9610
254,1861870019,0.0,9611
254,1931081727,4.5,9612
254,330103571,0.0,9613
256,0374270325,0.0,3308
256,0375719180,0.0,9614
256,0440235502,4.5,9615
256,044023722X,4.0,1243
257,1573225487,4.0,9616
257,1853260673,4.0,9617
269,8700236403,5.0,9618
272,0060977477,3.5,9619
272,0345391691,0.0,9620
272,0520011171,3.5,9621
272,0553278746,0.0,3660
272,0670856045,3.5,9622
272,0872200760,4.0,9623
272,0937858994,0.0,9624
273,0671649949,3.0,9625
278,0590431110,3.0,9626
280,0316769487,3.5,2649
289,0064470113,3.5,9627
289,0553571486,3.0,9628
291,0972044205,4.5,9629
300,0312963009,2.5,9630
300,0345430476,2.5,9631
300,0345435869,0.0,9632
300,0380728729,2.5,9633
300,038081840X,2.5,9634
300,0449912302,4.5,3890
300,055329198X,2.5,9635
300,0671018930,2.5,9636
300,0812541642,2.5,9637
302,0312988699,2.0,9638
306,0486282112,0.0,432
310,8483007010,3.5,9639
311,0670815373,0.0,9640
313,0385313748,4.0,9641
316,0671440276,4.5,9642
323,1575843366,2.5,9643
326,0684193957,5.0,9644
327,0345371984,0.0,9645
332,0380730138,3.0,8688
334,014062032X,3.5,9646
334,1573228737,4.0,9647
337,9681500555,4.5,9648
338,0380711109,0.0,9649
339,0452283914,4.0,9650
343,0425120279,0.0,5803
345,067153484X,3.0,9651
356,0380728273,3.5,8660
357,0749320850,0.0,9652
359,1171178416,0.0,9653
361,8427010850,0.0,9654
361,8433914545,4.0,9655
361,8484509141,2.0,9656
362,0446606197,3.5,9657
362,0575064706,2.0,9658
362,0671643290,4.0,9659
362,0771076002,0.0,9660
362,0771088191,0.0,9661
362,0773756183,3.5,9662
362,087477280X,0.0,9663
362,1559703237,0.0,9664
364,9722900528,0.0,9665
367,0449005615,4.5,2698
369,140102505X,4.5,9666
372,3596214629,4.0,760
376,0062770500,3.5,9667
376,0671847546,2.5,9668
382,202249337,0.0,9669
382,667241688,5.0,9670
383,0060188731,0.0,9671
383,0140374248,0.0,9672
383,0142001740,0.0,1465
383,0195086295,0.0,9673
383,0312995423,0.0,8869
383,0380704587,0.0,9674
383,0380815923,5.0,9675
383,0385416342,5.0,9676
383,0385418493,0.0,9677
383,038542471X,0.0,2905
383,0425098109,2.5,9678
383,0449005410,0.0,9679
383,0449202631,0.0,9680
383,0449207544,0.0,9681
383,0515128554,0.0,9682
383,0517577402,5.0,9683
383,0590450875,0.0,9684
383,0590481371,0.0,9685
383,067103619X,0.0,9686
383,0684177730,0.0,9687
383,0684180200,0.0,9688
383,0712695230,5.0,9689
383,0743411269,2.5,9690
383,0743470389,0.0,9691
383,076218857X,0.0,9692
383,0767905938,0.0,9693
383,0800706544,0.0,9694
383,0801096677,0.0,9695
383,0849953014,0.0,9696
383,0891091963,2.5,9697
383,0915811537,0.0,9698
383,0927545373,0.0,9699
383,1575024179,0.0,9700
383,1880185008,2.5,9701
384,0140345809,0.0,3566
384,0156528207,0.0,4258
384,0380012863,0.0,9702
384,0451154916,0.0,9703
384,0785815147,0.0,9704
384,0875421288,0.0,9705
384,1567184294,0.0,9706
384,156718796X,0.0,9707
384,1862047626,0.0,9708
384,9739182623,0.0,9709
387,0020437501,0.0,9710
387,0198320264,1.0,9711
387,0373196989,3.0,9712
387,0373245580,0.0,9713
387,0451527747,5.0,431
387,0671867113,0.0,7255
387,0812504208,4.5,9714
387,1590071212,4.5,9715
388,0060173289,0.0,1314
388,0060973897,4.0,9716
388,0060976845,1.5,1315
388,006101351X,3.0,9717
388,0140104682,3.0,9718
388,0312143370,0.0,9719
388,0316666343,0.0,422
388,039456894X,4.0,9720
388,0440224675,0.0,9721
388,0440234743,0.0,2032
388,0449002632,3.5,9722
388,0449213773,5.0,9723
388,0452279690,5.0,9724
388,0553569058,5.0,4018
388,0679427430,0.0,2852
388,0679725393,4.5,9725
388,0802114369,4.0,9726
388,0803233019,0.0,9727
388,0819154946,4.0,9728
388,0897322339,3.5,9729
388,0940322978,2.0,9730
388,1573225126,2.5,9731
388,1579651658,4.0,9732
388,1878424319,3.5,3886
392,8401351421,0.0,9733
392,8420979716,0.0,9734
392,8423324311,0.0,9735
392,8423646033,0.0,9736
392,8427007450,5.0,482
392,8429725544,0.0,9737
392,8429725792,3.5,9738
392,8429727930,0.0,9739
392,8429728937,0.0,9740
392,8429729119,0.0,9741
392,8429734996,0.0,9742
392,8429736131,0.0,9743
392,843206453X,0.0,9744
392,8432084018,0.0,9745
392,8432084034,0.0,9746
392,8432295817,0.0,9747
392,8432295914,2.5,9748
392,8432295930,0.0,9749
392,8433923102,0.0,9750
392,8440616252,0.0,9751
392,8448031512,0.0,9752
392,8448032284,0.0,9753
392,8448032292,0.0,9754
392,8460459640,0.0,9755
392,8472224023,0.0,9756
392,8472224260,0.0,9757
392,8472227421,0.0,9758
392,847225879,0.0,9759
392,8473861345,4.5,9760
392,8474102944,0.0,9761
392,8474103347,3.5,9762
392,8474103398,0.0,9763
392,8474104475,0.0,9764
392,847592543X,4.5,9765
392,8475960650,2.5,9766
392,8475960936,4.5,9767
392,847596155X,0.0,9768
392,8476021550,2.5,9769
392,8476021569,3.5,9770
392,8476021844,2.5,9771
392,8477270120,2.5,9772
392,8477397856,2.5,9773
392,8477665567,0.0,9774
392,8477830002,0.0,9775
392,8477830010,0.0,9776
392,8477830029,0.0,9777
392,847809024X,0.0,9778
392,8478090460,0.0,9779
392,8478091246,0.0,9780
392,8478092943,3.5,9781
392,8478097732,0.0,9782
392,8478098267,4.5,9783
392,8478800336,0.0,9784
392,8478884963,4.5,9785
392,8483002523,2.5,9786
392,848300402X,0.0,9787
392,8483008505,4.0,9788
392,8486433193,2.5,9789
392,8486433673,2.5,9790
392,8486433738,0.0,9791
392,8486433770,0.0,9792
392,8486491282,0.0,9793
392,8486540127,0.0,9794
392,848668501X,0.0,9795
392,8742977932,3.5,9796
392,8742977940,0.0,9797
393,0600586898,3.0,9798
393,1853260622,0.0,9799
393,1857938011,3.0,9800
400,0060804157,0.0,9801
406,8466601090,0.0,9802
406,8495971909,3.5,9803
408,0140382658,0.0,9804
408,0152012966,0.0,9805
408,0312283784,4.0,9806
408,0345297709,0.0,9807
408,0345313097,0.0,9808
408,0345335465,0.0,9809
408,0345416848,0.0,9810
408,0385333404,0.0,9811
408,044021145X,0.0,5996
408,0449212084,0.0,6211
408,0553582682,4.5,9812
408,0590947257,4.0,9813
408,074345829X,0.0,9814
408,0786913878,0.0,9815
408,0801491827,3.0,9816
408,0816729913,0.0,9817
408,0843136685,0.0,9818
408,0866119531,0.0,9819
408,0866119566,0.0,9820
408,0870441663,0.0,9821
408,1561561428,3.5,8157
413,0553210092,4.0,2770
413,0553258524,3.5,9822
413,0688163726,0.0,9823
413,1569471096,0.0,9824
422,0316168815,0.0,2968
424,014023828X,0.0,9825
424,0316314927,2.5,9826
424,0345424719,0.0,9827
424,0375414746,3.0,9828
424,0375726403,0.0,8513
424,0385503857,0.0,1550
424,0425156842,3.5,9829
424,0440226104,0.0,9830
424,0452277337,3.5,2592
424,0553802488,0.0,9831
424,0671021001,3.0,1124
424,0767903579,0.0,2798
424,0805063897,4.0,9832
430,0679777431,4.0,9833
431,0553285343,2.0,9834
432,0486285529,3.5,9835
432,0671002481,0.0,7083
432,0812523385,0.0,9836
432,0895774666,0.0,9837
433,0020199090,0.0,9838
433,0385495145,3.5,9839
433,0679733825,0.0,9840
433,0842329129,2.5,9841
435,0345451260,0.0,9842
438,8807821095,0.0,9843
439,0740700235,0.0,9844
440,0380973545,0.0,9845
440,0393321576,4.0,9846
440,0743424425,5.0,9847
440,0786868015,3.5,8866
441,0446610178,3.5,9848
441,0684854953,2.5,9849
441,0743229878,4.0,1183
444,0380617625,0.0,9850
444,0380732335,0.0,9851
444,0385337132,3.5,9852
444,0440235057,3.5,9853
444,0445402040,0.0,9854
444,0618119760,3.5,9855
444,0871138646,4.0,9856
446,0026329859,5.0,9857
446,0060621257,0.0,9858
446,0060915544,0.0,2767
446,0060917016,0.0,9859
446,0060925000,4.0,9860
446,0060932759,4.0,9861
446,0061000280,5.0,9862
446,0192815318,0.0,9863
446,0292715498,0.0,9864
446,0312195516,0.0,1366
446,0380792664,0.0,9865
446,0393048977,2.5,9866
446,0399137807,0.0,9867
446,039914739X,1.5,3493
446,0451203046,0.0,9868
446,0451410556,0.0,9869
446,0451523318,5.0,9870
446,0486281965,5.0,9871
446,0486292940,0.0,9872
446,051762639X,0.0,9873
446,0553145460,5.0,9874
446,0684824442,4.5,9875
446,0743458303,0.0,9876
446,081296666X,2.5,9877
446,0819215635,0.0,9878
446,0880011025,0.0,9879
446,1561011525,0.0,9880
446,1877727083,4.0,9881
447,0486206173,2.0,9882
453,0312278586,3.0,9883
460,00265124,0.0,9884
460,8807170698,5.0,9885
460,8817113492,0.0,9886
460,8838916489,3.5,9887
460,8845229041,1.5,9888
460,887641486X,4.0,9889
460,9770390107900,4.0,9890
463,0140370900,4.0,9891
469,0674511255,0.0,9892
472,0030096189,5.0,9893
472,0312965745,2.5,9894
472,0345374657,4.5,9895
472,0395710901,4.5,9896
472,080521061X,4.5,9897
472,0823032612,0.0,9898
472,0865732434,0.0,9899
472,0865732787,2.5,9900
475,0679310002,5.0,9901
476,0312288115,2.5,9902
476,0316171107,0.0,9903
476,0380710218,0.0,1533
476,0515118656,4.0,9904
476,0553289063,0.0,9905
476,0671000306,0.0,2323
476,0671673688,0.0,3431
476,1561672033,4.0,9906
479,0425178242,3.5,9907
483,0618173870,0.0,9908
486,0060976845,4.0,1315
486,0156027321,0.0,1341
486,0375403582,0.0,9909
486,0385721420,0.0,9910
486,0451202341,4.0,9911
486,0743418190,3.5,8431
487,0060913509,0.0,1437
487,0060923245,0.0,2865
487,0140286276,0.0,9912
487,0312145543,0.0,9913
487,0312980388,0.0,9914
487,0340695617,0.0,9915
487,0345441133,3.5,3260
487,0373484100,0.0,9916
487,0380732688,0.0,9917
487,0385335407,4.0,9918
487,0385424728,0.0,9919
487,0385490992,3.5,5622
487,039914739X,0.0,3493
487,0425181111,0.0,9920
487,0440225078,0.0,9921
487,0449907481,0.0,2047
487,0486272664,4.5,9922
487,0515127833,0.0,6354
487,0515134279,0.0,9923
487,0553107305,0.0,9924
487,0553272837,0.0,9925
487,0671888587,3.0,2090
487,0786015276,0.0,9926
487,080213825X,0.0,9927
487,0945586051,3.5,9928
487,0965746828,0.0,9929
487,0971880107,0.0,453
489,0590419625,3.5,9930
493,0385472951,4.0,3333
494,0451195663,2.5,9931
496,0425182878,4.0,8517
496,055356451X,4.0,14
496,0553564528,0.0,3264
499,0743412621,5.0,9932
500,0849943450,5.0,9933
500,084994371X,4.0,9934
500,0849943728,0.0,9935
501,0020442408,0.0,4042
501,0590406019,0.0,9936
503,0060987103,0.0,9360
503,0140179836,5.0,9937
503,0310201071,0.0,9938
503,0312976275,0.0,8624
503,0345348656,4.0,9939
503,0373076746,3.5,4887
503,0373262469,0.0,9940
503,0380813815,0.0,9941
503,0385483724,4.0,9942
503,0385496095,5.0,9943
503,0395798671,5.0,9944
503,0439070333,0.0,9945
503,0439099404,5.0,9946
503,0440241006,5.0,9947
503,0440508827,5.0,9948
503,0451522346,0.0,9949
503,0515131679,4.0,9950
503,0553298836,0.0,9951
503,0671877445,0.0,8649
503,068484267X,5.0,9952
503,0691017840,0.0,3921
503,0765346672,0.0,9953
503,0805009086,5.0,9954
503,0809244942,5.0,9955
503,0877736138,0.0,9956
503,0892819774,5.0,9957
503,1558743669,5.0,1152
503,1573225789,0.0,9958
503,1852308060,0.0,9959
505,006017143X,4.5,9960
505,0308102282,0.0,9961
505,0345313860,3.5,4686
505,0345353625,0.0,4704
505,0345369947,0.0,9962
505,0385306032,4.0,5606
505,038549825X,4.0,9963
505,042517736X,3.5,9964
505,0553202294,4.0,9965
505,0553225987,0.0,9966
505,067170124X,0.0,9967
505,0671868713,4.0,9968
505,0679401377,4.0,9969
505,0805056491,4.5,9970
505,0816152446,3.5,9971
505,1562827049,4.0,9972
507,0020427859,4.5,9973
507,0060392452,0.0,9974
507,0060558865,4.0,9975
507,0060575808,0.0,9976
507,0060934417,0.0,1442
507,0060938455,0.0,9977
507,0061094560,0.0,9978
507,0061096091,0.0,9979
507,0064400026,0.0,9980
507,0140230165,3.5,9981
507,014029628X,0.0,1257
507,0142001740,5.0,1465
507,0152325808,0.0,9982
507,0307001164,0.0,4283
507,0307115208,0.0,9983
507,0307117375,0.0,9984
507,0307118703,0.0,4471
507,0307119424,0.0,9985
507,0307128865,0.0,9986
507,030720152X,0.0,9987
507,0312312628,4.5,9988
507,0312986769,4.5,2249
507,0312990456,0.0,8630
507,0312995431,0.0,2250
507,0316666009,0.0,9989
507,0345251733,0.0,9990
507,0345348036,0.0,4699
507,0345369068,4.0,9991
507,0345379454,0.0,9992
507,0345404769,0.0,1507
507,0345413369,0.0,9993
507,0345413377,0.0,9994
507,0345447409,0.0,9995
507,034546074X,4.0,9996
507,0375815147,4.5,9997
507,0380709260,0.0,9998
507,0380724332,0.0,9999
507,0394825985,0.0,10000
507,0425115844,3.5,10001
507,0425168948,3.5,10002
507,0425188787,0.0,2993
507,0439061644,0.0,10003
507,0439080967,0.0,10004
507,043912042X,0.0,10005
507,0439163099,0.0,10006
507,0439319552,0.0,10007
507,0439569842,0.0,10008
507,0440236061,0.0,1611
507,0440403553,0.0,10009
507,0440441501,0.0,10010
507,0446360589,0.0,8521
507,0446394521,0.0,10011
507,0449000265,0.0,10012
507,0449209121,0.0,10013
507,0449211770,0.0,10014
507,0451184718,4.5,10015
507,0451210891,0.0,10016
507,0553157124,0.0,10017
507,0553258176,0.0,10018
507,0553292722,0.0,1938
507,0553294849,3.5,10019
507,0553297341,3.5,10020
507,0553298860,0.0,10021
507,055356160X,0.0,10022
507,0553564528,3.5,3264
507,0553569910,0.0,10023
507,0553571842,3.5,10024
507,0553575538,3.5,2797
507,0553576801,3.5,1345
507,0553576925,0.0,10025
507,055357695X,3.5,10026
507,0553578693,0.0,8459
507,0553580523,3.5,10027
507,0553582135,0.0,8553
507,0553582526,0.0,10028
507,0553583441,3.5,10029
507,0553583468,3.5,9108
507,0590021117,3.5,10030
507,0590418858,0.0,10031
507,0590442988,0.0,718
507,0590462237,0.0,10032
507,0590687301,0.0,2540
507,0590870157,0.0,10033
507,067102406X,0.0,10034
507,067144378X,0.0,10035
507,067151699X,0.0,10036
507,0671885634,0.0,10037
507,0679833692,0.0,10038
507,0679893105,4.5,10039
507,0684196387,0.0,10040
507,068484267X,0.0,9952
507,068815252X,0.0,10041
507,0688169678,0.0,10042
507,0689710879,5.0,10043
507,0689710887,5.0,10044
507,0689710895,5.0,7424
507,0689711522,5.0,10045
507,0743206053,0.0,8462
507,0743260244,5.0,10046
507,0743439775,0.0,10047
507,0743444523,4.0,10048
507,0743460529,0.0,3836
507,0743474325,0.0,10049
507,0759228086,0.0,10050
507,0767912918,3.5,10051
507,0786817070,0.0,145
507,080411952X,0.0,10052
507,0807565288,0.0,10053
507,0812502124,0.0,8831
507,0812519655,0.0,10054
507,0812521129,0.0,1175
507,0812524853,0.0,10055
507,0812533534,5.0,10056
507,0812533593,0.0,10057
507,0816728739,0.0,10058
507,0816738556,0.0,10059
507,0821769340,0.0,10060
507,0821769367,0.0,10061
507,0821772953,4.0,10062
507,0865050880,0.0,10063
507,0874065925,0.0,10064
507,0880117168,0.0,10065
507,0898153778,2.5,10066
507,0915368587,0.0,10067
507,0936034025,4.0,10068
507,1400077826,0.0,10069
507,1557733856,3.5,10070
507,1557734909,3.5,10071
507,1561734861,0.0,10072
507,193072229X,0.0,10073
507,2221612807,0.0,10074
508,0385335679,3.0,10075
508,0440122090,3.5,3627
512,0671525832,2.5,2083
513,0553279572,4.5,10076
516,0061009059,0.0,1445
518,0099134012,0.0,10077
518,0099416158,0.0,10078
523,0060930187,4.0,726
530,0516076272,5.0,10079
537,0679450432,3.5,3524
538,0821770209,0.0,10080
538,0821775863,4.0,10081
542,0670855758,4.0,10082
546,8845901777,5.0,10083
547,0553562819,0.0,10084
552,NONFICTION,0.0,10085
558,0446364193,4.0,173
559,0060976845,0.0,1315
559,0446519138,0.0,10086
564,0380510944,0.0,5526
565,0061042943,4.0,10087
565,0425179672,0.0,10088
566,006015781X,0.0,10089
566,0060930705,0.0,10090
566,0156013967,0.0,10091
566,0312206763,3.0,10092
566,0316116025,0.0,10093
566,0385314019,3.0,10094
566,0399144463,1.0,1562
566,0618231617,4.0,10095
566,0743444167,3.0,10096
566,0965044192,4.0,10097
566,0965404560,0.0,10098
567,0140185216,5.0,10099
567,0385496907,0.0,10100
567,0425174484,4.0,10101
567,0446523992,0.0,10102
567,0486272745,5.0,10103
567,0684717255,4.5,10104
567,0787955671,4.0,10105
567,0811203220,0.0,10106
567,1567920047,0.0,10107
567,1573229148,0.0,10108
569,0971880107,0.0,453
585,8807120194,3.5,10109
592,0062507249,3.5,10110
595,0060083298,4.5,10111
595,0140293248,4.5,10112
595,0446610399,4.5,8696
595,0446672211,5.0,2845
595,052594527,0.0,10113
595,0684801221,0.0,10114
595,0807070718,4.0,10115
595,1576737357,3.5,10116
596,0345305477,5.0,10117
596,0671808672,4.5,10118
596,0743213831,4.0,10119
602,0061080519,0.0,10120
614,8804367482,3.0,10121
618,0020867409,4.0,10122
618,0142000205,0.0,3562
619,0062517856,3.5,10123
619,015600710X,4.0,10124
619,0316735027,3.0,10125
619,0425169626,0.0,10126
619,0449911683,0.0,10127
619,0451184718,0.0,10015
619,0679767789,0.0,10128
619,193156146X,4.5,10129
620,0140021566,3.0,10130
620,0140029400,0.0,10131
620,0449207757,0.0,10132
620,0449245691,3.5,6226
621,8447802701,4.0,10133
623,9870205656,3.5,10134
625,2070334368,3.5,10135
625,2070362388,0.0,2632
625,2070384349,5.0,10136
625,2070417743,4.5,10137
625,207053880X,5.0,10138
625,2253004022,4.5,10139
625,2253005274,0.0,256
625,225300670X,0.0,10140
625,2253007102,5.0,10141
625,2266029460,5.0,10142
625,2266033689,4.5,10143
625,2266084372,4.0,10144
625,229000510X,0.0,10145
625,2290314951,0.0,10146
625,2877060527,3.0,10147
626,0140048944,0.0,10148
626,0140430091,0.0,10149
626,0140620184,0.0,2627
626,0140620249,0.0,10150
626,0140620427,0.0,10151
626,034019474X,0.0,10152
626,0862324483,0.0,10153
626,0905762487,0.0,10154
626,0971880107,0.0,453
626,3401041754,0.0,10155
626,3423000201,0.0,10156
626,3423001925,0.0,10157
626,3423105410,5.0,10158
626,3423202033,3.5,10159
626,3426193191,0.0,10160
626,3426609959,0.0,10161
626,3426760207,4.5,10162
626,3442540097,0.0,10163
626,3453032810,0.0,10164
626,3453188519,0.0,10165
626,3466110564,4.5,10166
626,3492107192,0.0,10167
626,3492110533,0.0,10168
626,3492119948,0.0,10169
626,3492207006,5.0,10170
626,3499176548,0.0,10171
626,3499177757,0.0,10172
626,3499179806,0.0,10173
626,3499222604,0.0,10174
626,3502670005,0.0,10175
626,3505093491,0.0,10176
626,3505094331,0.0,10177
626,350509434X,0.0,10178
626,3505094374,0.0,10179
626,3596126827,0.0,10180
626,3596237262,0.0,10181
626,370662270X,0.0,10182
626,3725410127,3.5,10183
626,3746670055,0.0,10184
626,3773526814,0.0,10185
626,3775105190,0.0,10186
626,3794117573,0.0,10187
626,3811872745,0.0,10188
626,385001004X,0.0,10189
626,3850011844,0.0,10190
626,3852641640,0.0,10191
626,3853663753,0.0,10192
626,3860991388,0.0,10193
626,3889774016,0.0,10194
626,3889820050,0.0,10195
626,3923301006,0.0,10196
626,3927527645,0.0,10197
626,3928632361,0.0,10198
626,9783499191411,0.0,10199
628,3442724686,2.5,10200
628,3596144434,2.0,10201
634,3890827462,1.0,10202
638,0060164662,5.0,1351
638,0060191929,4.5,10203
638,0060192631,0.0,10204
638,0140107649,5.0,10205
638,0140128107,5.0,10206
638,0151000719,5.0,10207
638,0151001006,5.0,10208
638,0316603287,4.5,10209
638,0316666343,5.0,422
638,0316693006,5.0,9325
638,0316693200,4.5,2184
638,0316769487,5.0,2649
638,0316776963,5.0,1491
638,0316779423,5.0,10210
638,0316779490,4.5,10211
638,0316789089,5.0,3045
638,0316969443,5.0,10212
638,0345339711,5.0,10213
638,0345428900,4.0,10214
638,0345452550,0.0,906
638,0374172897,0.0,10215
638,0375400699,5.0,424
638,0380978539,4.0,10216
638,0385420161,4.5,5614
638,0385470819,4.5,10217
638,0385500769,5.0,10218
638,0385504209,5.0,425
638,0385505833,5.0,10219
638,039304016X,0.0,1552
638,0394574745,4.0,10220
638,0399147012,0.0,10221
638,0399147128,0.0,10222
638,039914739X,0.0,3493
638,0399148582,4.5,10223
638,0425184129,4.5,10224
638,0446520802,0.0,3
638,0446523569,5.0,6140
638,0446525502,4.5,10225
638,0446525537,4.5,10226
638,0446527793,5.0,3406
638,0446531332,5.0,10227
638,0451197275,0.0,10228
638,0525943862,4.0,10229
638,052594463X,4.5,10230
638,0525944834,0.0,10231
638,0553109839,0.0,10232
638,0609605925,4.0,10233
638,0609606727,4.0,10234
638,0670031046,0.0,10235
638,0670892963,3.5,1380
638,0671042556,4.5,10236
638,0679410430,5.0,10237
638,0679419624,5.0,10238
638,0679442790,5.0,10239
638,0679450440,0.0,3525
638,0679603352,5.0,10240
638,067972768X,5.0,10241
638,0679732241,4.5,10242
638,0679746048,3.5,1133
638,0684864320,0.0,1735
638,0684864843,0.0,10243
638,0684867818,0.0,10244
638,0684868911,0.0,10245
638,0684874318,5.0,10246
638,0688180639,4.5,10247
638,0743206045,0.0,1182
638,0743230051,4.5,10248
638,0743406176,5.0,1749
638,080411868X,0.0,10249
638,0842336214,3.5,10250
638,1558747028,5.0,10251
638,1558747346,4.0,10252
638,1570717257,4.5,10253
639,0451176812,3.5,10254
640,0394551427,4.0,10255
640,0446602086,2.5,6150
640,0671525794,0.0,10256
640,0718144538,4.0,10257
641,0064407667,2.5,856
643,0006510345,4.0,10258
643,0006552412,0.0,10259
643,0007100221,3.5,10260
643,0061092606,4.0,10261
643,0099449943,1.5,10262
643,0140247637,0.0,10263
643,0140253580,0.0,10264
643,0140292918,4.0,10265
643,0140366660,4.5,10266
643,0140366857,4.5,10267
643,0140482202,4.0,10268
643,0140622063,4.0,10269
643,0198604025,3.5,10270
643,0261102214,4.5,10271
643,0349101779,0.0,3816
643,0349102155,4.5,10272
643,0416196772,4.0,10273
643,0552134627,0.0,10274
643,0552134635,0.0,10275
643,0552134643,0.0,10276
643,0552137030,4.0,1666
643,0552546933,4.5,141
643,0552771090,4.0,10277
643,057120354X,2.5,10278
643,0571209521,3.5,10279
643,0671894455,3.5,10280
643,0743222229,4.0,10281
643,0743462335,4.0,10282
643,0747538069,4.0,10283
643,0747549923,0.0,10284
643,0749391308,4.0,10285
643,0749396067,4.0,10286
643,0752804510,4.0,10287
643,0753507579,2.5,10288
643,0753807327,4.5,10289
643,0767908473,0.0,10290
643,0890877564,4.0,10291
643,0947782141,0.0,10292
643,0947782230,3.5,10293
643,1405200677,4.0,10294
643,1405401184,2.5,10295
643,1841150355,4.5,10296
643,1841950521,4.5,10297
643,1841952931,4.0,10298
643,1842040154,0.0,10299
643,1842040405,3.5,10300
643,1842151053,0.0,10301
643,1853260002,1.0,10302
643,185479549X,4.0,10303
643,1854795554,4.5,10304
643,1857989546,0.0,9610
643,1858813093,3.5,10305
643,1860198597,0.0,10306
643,190178424X,4.0,10307
643,2020315491,4.0,10308
643,2070322068,4.0,10309
643,2070326675,0.0,10310
643,2070375609,0.0,10311
643,2070375617,3.0,10312
643,2070375722,0.0,10313
643,2070393577,4.0,10314
643,2229137939,5.0,10315
643,2253000868,4.0,10316
643,2253001457,4.0,10317
643,2253002895,3.5,10318
643,2253006866,4.0,10319
643,2253037796,3.5,10320
643,2253043974,4.0,10321
643,2253046922,4.0,10322
643,2253049417,4.5,558
643,2253051381,3.5,10323
643,2253063339,5.0,623
643,2253140872,4.0,10324
643,2253148539,4.0,10325
643,2253170127,3.5,10326
643,2253170372,4.0,10327
643,2253170569,4.0,10328
643,2253171077,4.0,10329
643,2264000341,0.0,10330
643,2264009306,0.0,10331
643,2266002996,0.0,10332
643,26600671,0.0,10333
643,2702418112,3.0,10334
643,2737329787,4.0,10335
643,2742722771,4.0,10336
643,2857043821,3.0,10337
643,2868696945,4.5,10338
643,2871290911,3.0,10339
643,2876915618,4.5,10340
643,2876916193,3.5,10341
643,2909051196,3.5,10342
645,0449006522,0.0,12
649,0375501347,3.5,10343
650,0060927240,3.5,10344
651,0060006048,2.5,10345
651,0060934719,4.0,9375
651,0307215342,3.0,10346
651,0312287240,4.0,10347
651,0312906552,0.0,10348
651,0316776963,0.0,1491
651,0345370740,3.5,10349
651,0345395379,0.0,10350
651,0345403339,3.5,10351
651,0374343381,3.5,10352
651,0374386676,4.0,10353
651,0380788497,3.5,10354
651,0393318435,0.0,10355
651,0395877563,0.0,10356
651,0425049981,5.0,10357
651,0425142485,3.0,2430
651,0440117291,0.0,10358
651,0440219604,4.0,10359
651,0440226694,4.0,10360
651,0446300101,4.0,10361
651,0451181379,0.0,6267
651,0451450256,0.0,10362
651,0451456548,3.5,10363
651,0553574159,3.0,10364
651,0553574167,3.0,10365
651,0553574175,3.0,10366
651,0553579673,3.5,10367
651,0553579681,0.0,10368
651,0679801146,2.0,10369
651,0786886463,3.5,10370
651,0786889160,3.5,10371
651,0821750410,0.0,10372
651,0889740828,0.0,10373
651,0962893862,2.0,10374
651,1555834531,0.0,10375
651,1555835953,0.0,10376
651,156341029X,4.0,10377
651,1563410443,0.0,10378
651,1563411148,3.0,10379
651,1563899388,3.0,10380
651,1886383421,2.0,10381
651,1888451084,3.5,10382
657,0345429176,0.0,10383
657,038529929X,3.0,10384
657,0767903285,2.5,10385
660,1573229571,4.0,828
677,0345418778,4.0,10386
678,0316875961,3.5,10387
678,0552996092,5.0,10388
683,0517201658,4.0,10389
685,039914370X,3.5,10390
685,0743211383,5.0,8852
695,0312977905,2.5,10391
695,0451205421,3.5,6281
695,0812521331,3.5,10392
695,1884777805,4.0,10393
698,0440218535,0.0,2447
698,0894342789,2.5,10394
701,0449207595,0.0,10395
705,8806142267,3.5,10396
705,8806145932,0.0,10397
705,8838908516,0.0,10398
705,9788831774956,0.0,10399
707,0394559487,2.5,10400
707,039457513X,2.5,10401
707,0670844594,4.0,10402
708,0804001944,3.5,10403
709,0060535032,2.5,10404
709,0064405052,4.5,10405
709,0064409457,3.0,10406
709,0152162445,5.0,10407
709,015216250X,5.0,10408
709,0152162577,5.0,10409
709,0316666343,1.5,422
709,0330107372,0.0,10410
709,0345391802,3.5,10411
709,0439042917,4.5,10412
709,043922165X,4.5,10413
709,0439221676,2.0,10414
709,0439221684,2.5,10415
709,0439221706,2.0,10416
709,0439221714,2.0,10417
709,0439221730,2.0,10418
709,0440219078,5.0,10419
709,0440415993,5.0,10420
709,0590129015,5.0,10421
709,0590183729,2.5,10422
709,0590897985,4.5,10423
709,0689829698,3.0,10424
709,0689832877,5.0,10425
709,068983585X,0.0,10426
709,0895872102,0.0,10427
709,1562477528,4.5,10428
709,158852038,4.0,10429
709,9780590962735,4.5,10430
709,9781562477547,4.5,10431
711,0099307308,0.0,10432
711,0330367358,4.5,88
711,185424597X,0.0,10433
711,2080105434,0.0,10434
712,0345346971,0.0,10435
712,0345356578,0.0,10436
712,3257201761,3.0,10437
712,3404118960,2.5,10438
712,3404121686,0.0,10439
712,349913358X,3.0,10440
712,3784419445,4.0,10441
713,0753804700,5.0,10442
714,0415928087,0.0,10443
714,0451155750,3.5,6249
714,0521427150,0.0,10444
714,0786890436,0.0,2305
714,0812923278,0.0,10445
714,0884111342,3.0,10446
717,0345428544,0.0,10447
717,0671694049,3.5,10448
720,080901582X,0.0,10449
724,0449006557,0.0,10450
726,0373250339,2.5,10451
726,0380820447,5.0,10452
726,0385497679,5.0,10453
726,0451454243,5.0,10454
728,0312853238,0.0,10455
728,0373871562,0.0,5494
728,0380002450,0.0,10456
728,0385493800,0.0,10457
728,0394178017,0.0,10458
728,039914563X,0.0,10459
728,0425134350,0.0,10460
728,0425161722,0.0,10461
728,0440211727,0.0,2443
728,0553101439,0.0,10462
728,067175145X,2.5,10463
728,0688048730,0.0,10464
728,0793133955,0.0,10465
728,0835949362,0.0,10466
728,0849916399,0.0,10467
728,0877192820,0.0,10468
728,0880701102,0.0,10469
728,0898151910,0.0,10470
728,0941423042,0.0,10471
728,1928791107,0.0,10472
730,0380538504,2.5,10473
730,0380754851,0.0,10474
730,0385479689,0.0,10475
735,0345404777,0.0,1508
735,0380759497,0.0,10476
735,038533334X,2.0,10477
735,0440120470,3.0,10478
735,0440130913,0.0,10479
735,0440222818,3.5,10480
735,0440224675,0.0,9721
735,0440224829,4.5,10481
735,0440225701,0.0,961
735,044661162X,4.5,3338
735,0449001954,4.0,10482
735,0449131548,4.0,10483
735,0451185277,4.0,10484
735,0451188209,0.0,10485
735,0451204050,0.0,10486
735,0515122408,0.0,6349
735,0515134368,4.5,3652
735,0671742566,0.0,10487
735,0671779338,5.0,10488
735,1551660016,5.0,10489
736,3442098424,0.0,10490
737,0394578791,0.0,10491
739,1558505377,4.5,10492
741,0020437501,0.0,9710
741,0060085444,0.0,10493
741,0061064505,0.0,10494
741,0064472779,0.0,10495
741,0130139165,4.0,10496
741,0140065172,5.0,4189
741,0142500410,0.0,10497
741,0142500429,0.0,10498
741,0198320264,5.0,9711
741,0312422156,0.0,10499
741,0312971346,0.0,8623
741,0330351834,0.0,10500
741,0345384350,0.0,4715
741,0373036582,4.5,10501
741,0373037430,0.0,10502
741,0373037449,5.0,10503
741,0373037481,0.0,10504
741,0373118333,0.0,10505
741,0373122829,0.0,10506
741,0373123108,0.0,10507
741,0373123167,0.0,10508
741,0373123205,0.0,10509
741,0373123248,0.0,10510
741,0373123485,0.0,10511
741,037316971X,0.0,10512
741,0373196679,0.0,10513
741,0373196725,5.0,10514
741,0373196741,1.5,10515
741,0373245696,0.0,10516
741,0373270089,0.0,10517
741,0373613601,0.0,5373
741,0373750013,0.0,10518
741,0380723638,0.0,10519
741,0380752115,0.0,10520
741,0380817144,0.0,3557
741,0381999866,4.0,10521
741,0393030342,5.0,10522
741,0399143165,0.0,10523
741,0399206868,0.0,10524
741,0425124347,0.0,10525
741,0425139069,0.0,10526
741,0425147517,0.0,3013
741,0425155404,0.0,5818
741,0425166619,0.0,10527
741,044022165X,0.0,1932
741,044132231X,4.0,6093
741,0446364762,0.0,9511
741,0450029956,5.0,10528
741,0451524489,5.0,10529
741,0451526503,5.0,6304
741,0515118656,0.0,9904
741,0553238256,0.0,10530
741,0553255371,0.0,10531
741,0553256785,4.0,10532
741,0553561618,0.0,13
741,0553581279,0.0,10533
741,0590431250,0.0,10534
741,0590514776,3.0,10535
741,061312975X,0.0,10536
741,068983571X,0.0,10537
741,0743201078,0.0,10538
741,07472668,5.0,10539
741,0765341972,0.0,10540
741,0812504208,0.0,9714
741,0821766066,0.0,10541
741,0836230868,0.0,10542
741,0892967994,0.0,10543
741,1551668785,0.0,10544
741,87500671,0.0,10545
743,0312282990,0.0,1250
743,0786889705,3.5,10546
744,0425113892,3.5,10547
744,042512892X,4.0,10548
744,0425137945,4.0,10549
746,014036336X,4.0,4212
746,03453398681,0.0,10550
746,0345348036,0.0,4699
746,0375821813,4.0,137
746,0394820371,4.0,5645
746,0449134482,0.0,1110
746,0812516826,2.5,10551
753,0679420118,5.0,10552
753,0741402858,4.0,10553
753,0741402912,5.0,10554
753,0741403056,5.0,10555
753,0741403471,5.0,10556
753,0741403781,5.0,10557
753,0741405784,4.0,10558
753,0741407213,5.0,10559
753,0741409690,5.0,10560
753,074141127X,5.0,10561
753,0741412740,5.0,10562
753,0759612277,5.0,10563
753,0871137380,5.0,10564
753,1585007366,5.0,10565
753,1588206769,5.0,10566
753,1594110119,5.0,10567
756,0553568760,2.5,10568
757,034538184X,4.0,4714
758,0140620109,4.5,10569
758,0140620125,5.0,10570
758,0375420827,0.0,10571
758,3499234246,4.0,10572
759,0671745530,3.5,10573
763,0553211412,4.0,10574
763,0671510053,5.0,1126
763,0679781587,4.0,1336
763,0805062971,5.0,815
765,1573229385,4.0,10575
767,0385334036,0.0,10576
767,0945397410,5.0,10577
769,0060914653,5.0,10578
771,0345347536,5.0,10579
774,055321313X,4.0,10580
776,0060529709,3.5,2864
776,0140274154,4.5,10581
776,0375507256,5.0,10582
776,0375704027,4.0,10583
776,0679743464,0.0,10584
776,0876850867,4.0,10585
776,3473540420,4.5,10586
777,0451527038,0.0,10587
777,0590484672,0.0,10588
777,0590484753,4.5,10589
777,0874067391,4.5,10590
777,1590520777,0.0,10591
778,039914739X,5.0,3493
780,0449911004,5.0,9347
782,0975311255,5.0,10592
785,0743237188,2.5,2978
786,0553584510,3.0,3830
786,0553586122,1.5,876
790,0345341201,4.0,10593
790,0440175623,0.0,10594
790,0440216842,0.0,10595
790,1551662744,0.0,10596
791,0345443284,0.0,1263
795,0553285653,0.0,10597
799,0060933771,4.0,10598
805,0060256672,5.0,10599
805,0060928336,3.5,2837
805,0060972777,0.0,10600
805,0064401472,0.0,10601
805,0140042393,0.0,10602
805,0140070206,4.5,10603
805,0140077022,5.0,10604
805,014016930X,5.0,10605
805,0140236589,3.5,10606
805,0140253602,2.0,10607
805,0156001942,0.0,10608
805,0156027321,4.5,1341
805,0312195516,0.0,1366
805,0312420145,0.0,10609
805,0316777730,3.5,1492
805,0345418018,0.0,2866
805,0375401318,0.0,10610
805,0375501851,4.0,10611
805,0375705228,4.0,10612
805,038001503X,5.0,10613
805,0393961192,0.0,10614
805,0394800133,0.0,5640
805,0395051649,0.0,10615
805,039592720X,4.5,3889
805,0440215625,4.0,10616
805,0452282152,4.0,1272
805,055326382X,0.0,10617
805,0553268449,4.0,10618
805,0553273604,0.0,1117
805,0553273914,0.0,10619
805,0671003755,4.0,798
805,0671789422,0.0,3764
805,0679732764,5.0,10620
805,0684801469,0.0,10621
805,0684844729,4.0,10622
805,0805019367,0.0,7623
805,0806996021,0.0,10623
805,0810935627,3.5,10624
805,0835607860,0.0,10625
805,0872203492,0.0,10626
805,0877733759,5.0,10627
805,0911104542,5.0,10628
805,1566193966,4.0,10629
805,158574218X,0.0,10630
805,1859671500,0.0,10631
805,9997522052,0.0,10632
809,1590520653,0.0,10633
809,1590521994,0.0,10634
811,3446202218,0.0,10635
811,3499134446,4.0,10636
818,067142517X,2.5,10637
819,0345384466,2.5,4716
819,0345422392,0.0,10638
819,0446364193,3.5,173
819,0446601241,0.0,10639
819,0446604801,0.0,1106
819,0451124340,2.5,3151
819,0671726889,2.5,10640
822,0099518015,3.5,10641
824,0679734775,2.5,2218
827,0152013369,3.5,10642
827,0380719070,0.0,10643
827,0425124819,5.0,10644
827,0440414717,5.0,10645
827,059044646,3.5,10646
827,0590453130,0.0,10647
827,0689715625,0.0,10648
827,0812539389,0.0,10649
828,0345409469,5.0,10650
834,0141001771,2.5,10651
834,0373250177,1.0,10652
834,0449005569,1.5,10653
834,0451523369,0.0,2054
834,0671027344,3.5,10654
834,068930935X,0.0,10655
834,0763615382,1.5,10656
834,0786884622,1.5,10657
834,0965975401,2.5,10658
834,1558747346,2.5,10252
835,8830415200,2.5,10659
835,8838423806,3.5,10660
835,8885989632,0.0,10661
843,006019491X,4.0,2859
843,0066211611,4.0,4168
843,0140368558,0.0,10662
843,0312254164,0.0,10663
843,0375420673,0.0,10664
843,0395353416,0.0,10665
843,0449005615,0.0,2698
843,0684819066,4.0,10666
843,0684831058,0.0,10667
843,0786927089,4.0,10668
848,9100378593,0.0,10669
849,972290755,0.0,10670
850,0671578103,3.0,10671
850,3404107047,0.0,10672
850,3404203097,3.5,10673
850,3404203135,3.5,10674
850,3404203372,0.0,10675
850,3423009152,1.5,10676
850,3423620005,4.5,10677
850,3426074427,2.5,10678
850,3426616262,3.0,10679
850,3426701448,4.0,10680
850,342670174X,0.0,10681
850,3426701758,0.0,10682
850,3426871874,0.0,10683
850,3442248922,0.0,10684
850,3453016416,0.0,10685
850,3453046196,2.0,10686
850,345309221X,0.0,312
850,3453106520,0.0,10687
850,3453137205,3.5,10688
850,3453147243,2.5,10689
850,3453171977,5.0,10690
850,3453177800,2.5,10691
850,3471791655,0.0,10692
850,3492229336,4.0,10693
850,3492265014,0.0,10694
850,3499119250,0.0,10695
850,3499143046,0.0,10696
850,3499237016,4.5,10697
850,3499425394,4.0,10698
850,3505044539,4.0,10699
850,3518371002,1.5,10700
850,3596133319,3.0,10701
850,3596142229,5.0,10702
850,3596505356,4.0,10703
850,3746611229,1.5,10704
850,3800025590,3.0,10705
850,3808536519,5.0,10706
850,3811870076,0.0,10707
850,3822813397,0.0,10708
850,3893850589,3.5,10709
850,3893852921,1.5,10710
850,3934254454,3.0,10711
853,0140042520,4.0,10712
853,0345358791,2.5,10713
853,0345375211,4.5,10714
853,034537522X,0.0,10715
853,034545829X,4.5,10716
853,0380789035,0.0,5575
853,0446677574,4.0,10717
861,0060964049,0.0,528
876,0345298985,0.0,10718
876,034531011X,0.0,10719
876,0345310292,0.0,10720
876,0345310306,0.0,10721
876,034531042X,0.0,10722
876,0345316991,0.0,10723
876,0345370775,0.0,10724
876,0380558483,0.0,10725
876,0425121046,0.0,10726
876,0440206154,0.0,3116
876,0441317502,0.0,10727
876,0441366945,0.0,10728
876,0451130448,0.0,10729
876,0553266500,0.0,10730
876,0679734058,0.0,10731
876,0804102279,0.0,10732
876,0812551389,0.0,10733
876,1558171398,0.0,10734
878,0060242388,0.0,10735
878,0553574833,4.5,10736
878,0915950839,0.0,10737
882,0020418809,5.0,4037
882,0020435207,0.0,4040
882,0060171510,0.0,10738
882,0060502258,0.0,1071
882,0060915544,0.0,2767
882,0060971819,0.0,10739
882,0062740083,0.0,10740
882,0064401847,5.0,10741
882,0064402967,2.5,10742
882,0070212570,0.0,2170
882,0140017151,0.0,10743
882,0140149937,0.0,10744
882,0140150706,0.0,10745
882,0140440399,4.5,10746
882,0140444750,0.0,10747
882,0151000638,0.0,10748
882,0151829756,0.0,10749
882,0312169787,0.0,9322
882,0312195516,0.0,1366
882,0312274920,0.0,10750
882,0312421001,0.0,10751
882,0312950586,0.0,10752
882,0340188022,4.5,10753
882,0345334930,4.0,10754
882,0345416260,0.0,10755
882,0373218400,2.5,9433
882,0373484224,3.5,10756
882,0373484410,0.0,10757
882,0375507507,0.0,10758
882,0375707972,0.0,2292
882,0375724370,0.0,9470
882,0380018179,5.0,2319
882,0380599236,0.0,10759
882,0380789019,0.0,2832
882,0385315279,0.0,10760
882,0385491085,0.0,10761
882,0385492081,0.0,2889
882,0385504209,5.0,425
882,0394557433,5.0,10762
882,0394743180,5.0,10763
882,039607412X,5.0,10764
882,0425082202,0.0,10765
882,0425179672,5.0,10088
882,0425195899,4.5,10766
882,0440215234,0.0,10767
882,0440215978,2.5,10768
882,0440221595,0.0,8519
882,044022425X,0.0,3551
882,0440226430,0.0,2858
882,0440235162,5.0,2716
882,0440401224,0.0,10769
882,0440514428,0.0,8695
882,0446344109,4.5,10770
882,0446605239,0.0,3326
882,0446606812,0.0,3407
882,0446610399,0.0,8696
882,0446611867,0.0,3639
882,0446895725,3.5,10771
882,0449212602,0.0,2673
882,0449230279,4.5,10772
882,0449700712,4.5,3409
882,0451135989,0.0,10773
882,0452265347,5.0,10774
882,0460876171,0.0,10775
882,051509465X,4.5,10776
882,051512768X,0.0,10777
882,0515130389,0.0,3229
882,0515134368,3.0,3652
882,0515135062,3.0,10778
882,0517395754,0.0,10779
882,0517556278,4.0,10780
882,0517580497,0.0,8705
882,0553205587,4.5,10781
882,0553205757,0.0,10782
882,0553206575,0.0,10783
882,0553211013,0.0,10784
882,0553247921,5.0,10785
882,0553250426,5.0,8707
882,0553250531,0.0,9531
882,0553255851,0.0,10786
882,0553258001,0.0,10787
882,0553258656,5.0,10788
882,0553272586,2.5,2178
882,0553278223,0.0,9280
882,0553280589,5.0,9535
882,0553290207,5.0,10789
882,0553561278,0.0,10790
882,0553569058,0.0,4018
882,0553569074,0.0,2973
882,0553571656,0.0,1681
882,0553572997,5.0,1120
882,0553801945,0.0,10791
882,0590445561,0.0,10792
882,0618260307,5.0,10793
882,067081976X,0.0,10794
882,0670869902,0.0,1122
882,067101420X,2.0,10795
882,0671415948,0.0,10796
882,0671641778,5.0,10797
882,0671644475,0.0,3697
882,0671689711,0.0,10798
882,0671708635,0.0,10799
882,0679004785,0.0,10800
882,0679429220,4.5,2919
882,0679457313,0.0,1726
882,067976402X,5.0,2833
882,0679781587,5.0,1336
882,068416325X,0.0,7373
882,0684174685,0.0,10801
882,0684825821,0.0,10802
882,0684874350,0.0,3075
882,068713286X,0.0,10803
882,0743457943,2.5,1754
882,0786000988,0.0,10804
882,0786866276,0.0,10805
882,0804114986,0.0,1007
882,0805008950,0.0,10806
882,0849995299,0.0,10807
882,0871564599,0.0,10808
882,0892964049,0.0,10809
882,0898700744,0.0,10810
882,0942257324,0.0,10811
882,096444724X,0.0,10812
882,1571740252,0.0,10813
882,1904301088,0.0,10814
882,8423995801,5.0,10815
883,0140266771,3.5,10816
885,015644450X,0.0,1080
885,0380002450,4.5,10456
885,0804106304,2.5,449
886,0679723420,3.5,10817
887,0441004016,4.0,10818
895,0671500546,3.5,10819
896,0140620338,4.0,10820
896,0460878263,3.5,10821
899,0971880107,1.0,453
899,3257061269,4.5,10822
899,3404126661,0.0,10823
899,3453088433,2.0,10824
899,3453177622,0.0,10825
899,3453199766,4.0,10826
899,3453210999,0.0,10827
899,3453863593,0.0,10828
899,3499108518,0.0,10829
899,3518367064,0.0,10830
899,3612267450,0.0,10831
899,3746670144,3.5,10832
900,0060928336,4.5,2837
900,0373057296,2.5,10833
900,0373058446,2.5,10834
900,0373092237,2.5,10835
900,0373257074,2.5,10836
900,0425137015,3.0,10837
900,0441001335,2.5,10838
900,0441435351,0.0,10839
900,0449212084,2.5,6211
900,0451450604,2.5,10840
900,0451454677,2.5,10841
900,0553572490,3.0,10842
900,0553576976,2.5,10843
901,0006276199,0.0,10844
901,000649840X,4.5,10845
901,0060907894,0.0,10846
901,0091880963,4.0,10847
901,009974371X,4.0,10848
901,0099771519,4.5,10849
901,014018371X,0.0,10850
901,0140304770,0.0,10851
901,0140431268,4.0,10852
901,014044503X,4.0,10853
901,0192860925,0.0,10854
901,0349101779,0.0,3816
901,0349103232,0.0,10855
901,0375751513,0.0,1529
901,0380817705,0.0,10856
901,0451197003,0.0,10857
901,0486265862,0.0,10858
901,0551030682,4.0,10859
901,0551031085,4.0,10860
901,0551031123,0.0,10861
901,0551032510,4.5,10862
901,0552140295,0.0,10863
901,0571197779,0.0,10864
901,0571200389,0.0,2239
901,0679745653,0.0,10865
901,0749322217,0.0,10866
901,0749394927,0.0,10867
901,0785107649,0.0,10868
901,0785268480,5.0,10869
901,0842329072,5.0,10870
901,0851707777,4.5,10871
901,0971880107,0.0,453
901,1576832899,5.0,10872
901,1853261750,4.5,10873
901,1857232739,0.0,10874
902,067102535X,4.0,10875
903,0876855575,4.5,10876
913,0099422468,3.5,10877
913,0140272658,4.0,10878
913,0330376136,0.0,4673
914,3257250053,5.0,10879
914,3257250223,0.0,10880
914,3257250398,0.0,10881
914,3257250460,0.0,10882
914,3257250886,0.0,10883
914,3407780028,0.0,10884
914,3407780117,0.0,10885
914,340780573X,5.0,10886
914,3407805853,5.0,10887
914,3423078405,0.0,10888
914,3426029553,0.0,182
914,3442432251,2.0,10889
914,3442435838,0.0,805
914,3442435951,0.0,10890
914,3453132262,0.0,316
914,3473337021,0.0,10891
914,349800878,3.5,10892
914,3548359124,0.0,10893
914,3608919724,0.0,10894
914,3763232850,0.0,10895
914,3772508014,0.0,10896
914,3785532237,3.5,10897
914,3787691499,0.0,10898
914,3789167533,0.0,10899
914,379411664X,0.0,10900
914,3877040144,0.0,10901
915,0156027321,5.0,1341
915,0380813815,0.0,9941
915,0385498721,0.0,10902
915,0385720920,0.0,811
915,0972948503,0.0,10903
916,0140273980,5.0,10904
919,848966983X,5.0,10905
921,2070372294,1.5,10906
924,2264030542,4.0,10907
929,0029087104,4.0,10908
929,0030615321,4.0,1430
929,0140099832,0.0,10909
929,0140390693,0.0,10910
929,0226726770,3.5,10911
929,0312140940,4.0,10912
929,0316107417,0.0,10913
929,0316929190,0.0,10914
929,0345285549,2.5,4679
929,0345290240,0.0,10915
929,0345297687,0.0,10916
929,0345301870,0.0,10917
929,0345307674,2.5,1982
929,0345313097,0.0,9808
929,0345331605,3.5,10918
929,0345334515,0.0,10919
929,0345368940,0.0,10920
929,0375724575,0.0,10921
929,0380754843,0.0,10922
929,0385314744,3.5,10923
929,0394312066,4.0,10924
929,0425050750,4.0,10925
929,0425050807,0.0,10926
929,0425071421,0.0,10927
929,0439404371,4.0,10928
929,0440154731,0.0,10929
929,0440211727,0.0,2443
929,0440224624,3.0,8661
929,044100962X,2.0,10930
929,0445202718,0.0,10931
929,0449221164,0.0,10932
929,0451139712,0.0,10933
929,0451169530,3.0,3037
929,0553052268,0.0,10934
929,0553052845,0.0,10935
929,0553140434,0.0,10936
929,055321313X,0.0,10580
929,0553234811,3.0,10937
929,0553250426,0.0,8707
929,0553268945,0.0,10938
929,0553296981,5.0,10939
929,0553801031,4.5,10940
929,0590457225,0.0,10941
929,0671461494,4.0,9266
929,0671617028,4.0,7168
929,067163884X,3.5,10942
929,0671667815,0.0,10943
929,067168390X,0.0,10944
929,0671868691,0.0,4000
929,0679741011,2.5,10945
929,0766607119,4.0,10946
929,0766607127,0.0,10947
929,0836217632,0.0,1790
929,0880384514,0.0,10948
929,0894803700,4.0,8956
929,0939766027,2.5,10949
929,1573225789,0.0,9958
929,1895383129,3.5,10950
929,345278097295,0.0,10951
932,4491217967,3.5,10952
933,0749395699,3.0,3556
936,0679781587,2.5,1336
936,191819213,0.0,10953
937,2020555549,0.0,8736
938,0385335482,4.5,10954
938,0385335881,0.0,10955
941,0553258001,4.5,10787
